sequence,label,example_id,locus_id,feature_type,anchor_offset_seq1,feat_start_seq1,feat_end_seq1,chr,SNV,ref_allele,hap1_allele,hap2_allele,tissue,donor,assay,ref_allele_ratio,total_reads,split,prob_positive,pred_label,confusion_category,category,selection_rank_within_category
GTGTTGTGGACATGTGTGTTAGCGTGTGCATGCCGGCTGTGGGGCCTCACAGCATGTGTGTGCACACCCCGGCATGCGCATGTGTGTGTGTTCCACAACCCCAGGCCTGCCCCACCCATGCGTGTGACCTGCCATGTTGATCTGATGCTTTCAGAATCACTATCAGTGGCCCCTGAGGAGCATCAGCCATGGTAGGTACATGCCTCACCGCCTGCTGCATGAACGGTGTTCCCGCCCCGCTGCACCAGCTCCACACGGGGGCGCACCTGGGACCTCAGATCCAGGCTCCCTGCCCCTCCTTTCTGGAGCTGCAGATTTGCTCTTTCCTCTTTCTGTCCTGGTGCTGCTGGCTCTTTCACCTCCCTTCCCTGCAAGCCATGGGACTCAGCGCCACTGCCCAGGGCCTCCATGGCTGAGCCTGGGGGCTCTTGGAACAGGCTCCATGCCCAAGCTGGCAGACATGAGTGCTCTCTGGAGCTGTCAGAGAGGACAGAGAGCTTGTGGTTTATGGTG,1,chr15:77908364:spleen:0,7694291f829af5f1,snv,256,256,257,chr15,77908364,G,G,A,spleen,ENC-002,TF-ChIP-seq_CTCF,0.909090909091,22.0,dev,0.9791245,1,TP,TP,0
AGAGTGAGTGAGTGAGTAAGCGAGTGAGTGAGTGAGTGGGGAGGGAGTGAGTCCGTCCACGGGGGCGGGCCCTCTCCATGCTGCGGATCTCTTAGGAGATATACTGCGCACGCAGAGGCCCGGAAGGAGGCGGGGTCCCAGGGGTCTCCTCGCTAGAGCAGCCCCAGGATTGGCAGGTTCCAGAGTGGGAGTGGGGGTGTGTGTGTGTGTGTGTGTGTGTGTGTGTCAGGTTCCAGAGTGGGAGTGTGTGTGTTTGGGTGTGTGTGTGTGTGTGTGTGTCAGATTCCAGAGTGGGAGTGTGTGTGTGTTTGGCAGGTTCCAGAGTGGGAGTGTGTGTGTGTGTTTGGCAGGTTCCAGAGTGGGAGTGTGTGTGTGTGTTTGGCAGGTTCCAGAGTGGGAGTGTGTGTGTGTGTGTGATTGGCAGGTTCCAGAGTGGGAGTGTGTGTGTGTGTGTGTGTGTGTCCCCAGGATTGGTCGGTTCCAGAGTGGGAGAGAGAGCGAGAGAGAGAGAGA,1,chr19:7197576:body_of_pancreas:0,64e0443223fe48e3,snv,256,256,257,chr19,7197576,G,G,T,body_of_pancreas,ENC-002,TF-ChIP-seq_CTCF,0.880952380952,42.0,dev,0.9718921,1,TP,TP,11
GGAACATAAAATGGTGCTGCTGCCGTGGAAAACAGTATGATGATTCTTCAAAAAATTAAAAATTACCATGTGATCCAGCAATCCCACTGCTGGATATATACCCAAAAGAATTGGAGGGAGGAGCCAAGATGGCCGAATAGGAACAGCTCCGGTCTACAGCTCCCAGCGTGAGCGACGCAGAAGACGGGTGATTTCTGCATTTCCATCTGAGGTACCGGGTTCATCTCACTAGGGAGCGCCAGACAGTGGGCGCAGGCCAGTGTGTGCGCGCACCGTGCGCGAGCCGAAGCAGGGCGAGGCATTGCCTCACCTGGGAAGCGCAAGGGATCAGGGAGTTCCCTTTCCGAGTCAAAGAAAGGGGTGACGGACGCACCTGGAAAATCGGGTCACTCCCACCCGAATATTGCGCTTTTCAGACCGGCTTAAGAAACGGCGCACCACGAGACTATATCCCACACCTGGCTCAGAGGGTCCTACGCCCACGGAATCTCGCTGATTGCTAGCACAGCAGTC,1,chr7:30439385:esophagus_squamous_epithelium:0,1ce476740a2359b1,snv,256,256,257,chr7,30439385,C,T,C,esophagus_squamous_epithelium,ENC-002,TF-ChIP-seq_CTCF,0.964285714286,28.0,dev,0.9605062,1,TP,TP,12
CGGAGGCTGAGGCAGAAGAATCATTTGAACCCAGGAGGCAGAGGTTGCATTGAGCAGAGATCACGTCATTACACTCTAGCCTGGGCAACAAGAGCAAAACTCTGTCTCAAAGTAATACTTTTAAAAAATATAATGCGGAAGATGGCCGAATAGGAACAGCTCCGGTCTACAGCTCCCAGCGTGAGCGACGCAGAAGACGGGTGATTTCTGCATTTCCATCTGAGGTACCGGGTTCATCTCACTAGGGAGTGCCAGAGAGTGGGCACAGGTCAGTGGATGCGCGCACCGTGCGCGAGCTGAAGCAGGGCGAGGCATTGCCTCACTTGGGAAGCCCAAGAGGTCAGGGAGTTCCCTTTCTGAGTCAAAGAAAGGGGTGACGGACGGCACCTGGAAAATCGGGTCACTCCCACCCGAATACTGCGCTTTTCCGACGGGCTTAAAAAACGGCGCACCACGAGATTATATCCGGCACCTGGCTCGGAGGGTCCTACGCCCACGGAGTCTCGCTGATTG,1,chr11:110209104:upper_lobe_of_left_lung:0,a32b185d42be566e,snv,256,256,257,chr11,110209104,G,C,G,upper_lobe_of_left_lung,ENC-002,TF-ChIP-seq_CTCF,0.8064516129029999,31.0,dev,0.9593118,1,TP,TP,13
AGGCGTATGTGTGTTGTGGACATGTGTGTTAGCGTGTGCATGCCGGCTGTGGGGCCTCACAGCATGTGTGTGCACACCCCGGCATGCGCATGTGTGTGTGTTCCACAACCCCAGGCCTGCCCCACCCATGCGTGTGACCTGCCATGTTGATCTGATGCTTTCAGAATCACTATCAGTGGCCCCTGAGGAGCATCAGCCATGGTAGGTACATGCCTCACCGCCTGCTGCATGAACGGTGTTCCCGCCCCGCTGCACCAGCTCCACACGGGGGCGCACCTGGGACCTCAGATCCAGGCTCCCTGCCCCTCCTTTCTGGAGCTGCAGATTTGCTCTTTCCTCTTTCTGTCCTGGTGCTGCTGGCTCTTTCACCTCCCTTCCCTGCAAGCCATGGGACTCAGCGCCACTGCCCAGGGCCTCCATGGCTGAGCCTGGGGGCTCTTGGAACAGGCTCCATGCCCAAGCTGGCAGACATGAGTGCTCTCTGGAGCTGTCAGAGAGGACAGAGAGCTTGTG,1,chr15:77908354:spleen:0,1a0332e74e54a475,snv,256,256,257,chr15,77908354,A,A,G,spleen,ENC-002,TF-ChIP-seq_CTCF,0.923076923077,26.0,dev,0.95346785,1,TP,TP,15
TAAAATGGTGCTGCTGCCGTGGAAAACAGTATGATGATTCTTCAAAAAATTAAAAATTACCATGTGATCCAGCAATCCCACTGCTGGATATATACCCAAAAGAATTGGAGGGAGGAGCCAAGATGGCCGAATAGGAACAGCTCCGGTCTACAGCTCCCAGCGTGAGCGACGCAGAAGACGGGTGATTTCTGCATTTCCATCTGAGGTACCGGGTTCATCTCACTAGGGAGCGCCAGACAGTGGGCGCAGGCCAGTGTGTGCGCGCACCGTGCGCGAGCCGAAGCAGGGCGAGGCATTGCCTCACCTGGGAAGCGCAAGGGATCAGGGAGTTCCCTTTCCGAGTCAAAGAAAGGGGTGACGGACGCACCTGGAAAATCGGGTCACTCCCACCCGAATATTGCGCTTTTCAGACCGGCTTAAGAAACGGCGCACCACGAGACTATATCCCACACCTGGCTCAGAGGGTCCTACGCCCACGGAATCTCGCTGATTGCTAGCACAGCAGTCTGAGAT,1,chr7:30439391:esophagus_squamous_epithelium:0,aca10bca818c6a05,snv,256,256,257,chr7,30439391,T,G,T,esophagus_squamous_epithelium,ENC-002,TF-ChIP-seq_CTCF,0.8387096774189999,31.0,dev,0.9424556,1,TP,TP,27
CGAGGCGTGCAGATCACCTAAGGTCAGGAGTTCGAGACCAGCCCGGCCAACATGGTGAAACCCCGTCTCTACTAAAAATACAAAAATCAGCCAGATGTGGCACGCACCTATAATTCCACCTACTCGGGAGGCTGAAGCAGAATTGCTTGAACCCGAGAGGCGGAGGTTGCAGTGAGCCGCCGAGATCGCGCCACTGCACTCCAGCCTGGGCCACAGCGTGAGACTACGTCATAAAATAAAATAAAATAACACAAAATAAAATAAAATAAAATAAAATAAAATAAAATAAAATAAAATAAAATAAAATAAAAAAATAAAATAAAATAAAATAAAATAAAGCAATTTCCTTTCCTCTAAGCGGCCTCCACCCCTCTCCCCTGCCCTGTGAAGCGGGTGTGCAAGCTCCGGGATCGCAGCGGTCTTAGGGAATTTCCCCCCGCGATGTCCCGGCGCGCCAGTTCGCTGCGCACACTTCGCTGCGGTCCTCTTCCTGCTGTCTGTTTACTCCCTAGG,1,chr11:67583323:adrenal_gland:0,6d0b8cc3254303ce,snv,256,256,257,chr11,67583323,T,T,A,adrenal_gland,ENC-002,TF-ChIP-seq_CTCF,0.0,29.0,dev,0.9304627,1,TP,TP,28
TCTAATTCACATGAAGGTCAGAAAGGAAGAGGAAAATAAAGGTCAGAGGCAAAGTATGGAATTCCAAACGTGGAATGCCGAAATGGAGAACTCAGGTCCGGAGCCGGTGAATTGCCCTCCGCGCTTATGGAGATCGCCTGCAGCGCCACCTGCAGGCTGGAGGAGCACTCCGGGCCCCAGTTCACCGCCCTGGACCCAGCTGGCACCACCTGCGGTTCCCAAGGACGCATCCAGTAAGGGGCGGGGCGGGGCGGGGCGGGGAGGGGCGGGACTCACCACCCATGTGACCTGCACTGGCCTGGAGGAGCTGCCTGACTGCAGCGGACTCTGCCAAGAATTTCAAGAGGTGCAGTGGTCCAGTCATAAAGCAACATGAAAACGCTGTAAAAAGAGTTTAATCGCGCACACGAGGCAGACATTGCATTTAATTTATCACCCTGCAAAATTAAAGCCATTCTGGGGTTTGCTATCGCTCATGCAGGGTGGAGTTATTTATTGGACACTGTCAGAGCC,1,chr14:104342249:spleen:0,6d186d6f94b5c6f7,snv,256,256,257,chr14,104342249,C,C,G,spleen,ENC-002,TF-ChIP-seq_CTCF,0.904761904762,21.0,dev,0.92953753,1,TP,TP,29
ATAGTCATGCTGAAGAACAATGGTAGATGATATTTCCAGCCAAGGTGTAGCTGATTTGGGAAGCTTTCATGAATGGGTCAAAATTACTACCTTGTGAAGAAACAGGCAGGTTAAAAGGTGTGTTGTGGGGGGAAACATATATATATTTTACATATATATAATATATTATATATAATATATATTATATAATATATATAATATATTATATATATTATATATATTATATATTTTATATATTTTATATAATATATATAATATATATTATATATAATATATATAATATATTATATATATTATATATAATATATATTATATAATATATTTAATATATTTATAGTATATATAATATATTATATAATATATTATATATATTATATAATATATATTATATATATTATATATATTATTATATATTTAATAATATAAATATCTATGATACATAATATAACATATATTTATAATATATAATATATATTACATATTATACATAATATATAATATATATTACATATT,1,chr4:160356292:upper_lobe_of_left_lung:0,16ad2cc6da868f97,snv,256,256,257,chr4,160356292,A,A,G,upper_lobe_of_left_lung,ENC-002,TF-ChIP-seq_CTCF,0.0,227.0,dev,0.92791164,1,TP,TP,33
GTAAGGATTGGGGAAGGGACCCCATATCTTAAAATGGTGGAATCGGGGTGTAAGGGTTGGGGGAAGGGACCCCATATCTTAAAATGGTGGAATCGGGGTGTAAGGATTGGGGAAGGGACCCCATATCTTAAAATGGTGGAATCGGGGTGTAAGGATTGGGGAAGGGATCCCATATCTTAGAATGGTGGAATCGGGGTGTAAGGGTTGGGGGAAGGGACCCCATATCTTAGAATGGTGGAATTGGGGTGTAAGGGTTAGGGAAGGGACCCCATATCTTAGAATGGTGGAATTGGGGTGTAAGGGTTGGGGTGCCCATAGGATTCCATCAGCATCTGTGGTCTCCAGCCGTGTGTAGCATTTGTTAGGCTGCAGAACTTGATGGCTTTGAGGTCACATCGGGGCTGGTGAAGGGAGCCCCAGGGCTAGTCTGGGTCTGTAGTTCCTGGCCTTTCCCTGGGAAGATGGCTCCAGACCTTTGTAGGGGTGTCCAACAGTGTGCTGGAGTTAAATGCA,1,chr17:2356975:spleen:0,be47d2ba81d622fd,snv,256,256,257,chr17,2356975,A,A,G,spleen,ENC-002,TF-ChIP-seq_CTCF,0.130434782609,23.0,dev,0.913426,1,TP,TP,39
GTAACCAAAAAGCCGAGGTTTGGCTGAGAAAGACCTGGGTTTGGCACTCAGTCATTCACTCTCAGTGAGACCCCGAGTAAGCCACTTCACATCTCTGAGCCTCGGTGTCCCAACTATGAGGCTGGCCTCTGCATTTTGTAGCAGCAGCAGCATTTACTATGTCTCACTGCACCTGCTGCAAGCTGCTTGGAGCAAGTCTCCGTCCTTCCCACTCCATCGCTTAGCTGCTGGTTCATGCACCACCCAGCCCTGCCCCATGTTGGCAACAATTTGCAAGGTAGACTAGTTAGTTACTCATGCACATAGTGCTTTTGATCTTCCCACTCCCTGTTGACAAATACGTTCAGCAGTAACATGGTAGATATTAGTATGAACTATCACTATCAGGAAAAAAAGTGTTAAAATGCATATCTATTGGCTCAGTAGAAAATACTCCTTAAGGCTTTAGCTGTTGAAAAAATATACTGTTTGACACTTTCTCAAGTCCAAATGCAGTAGCTCATCGTAACCAAA,1,chr7:129098886:esophagus_squamous_epithelium:0,cce731889e0d3b78,snv,256,256,257,chr7,129098886,A,A,T,esophagus_squamous_epithelium,ENC-002,TF-ChIP-seq_CTCF,0.0740740740741,27.0,dev,0.90922225,1,TP,TP,40
CGTCTCTACTAAAAATACAAAAAATTAGCCGGGCGCGGTGGCGGGCGCCTGTAGTCCCAGCTACTCGGGAGGCTGAGGCAGGAGAATGGCGTGAACCCGGGAAGCGGAGCTTGCAGTGAGCCGAGATTGCGCCACTGCAGTCCGCAGTCCGGCCTGGGCGACAGAGCGAGACTCCGTCTCAAAAAAAAAAAAAAGACAGATACCTGACTCCAGGAGCCATCACTTTACAACCTGAGATTACAGCTCCAAGATTGCCTTTGCAAGGCTCCACCTGCTGGTCTTTGGAGGTAATGGCAGGCCCTGCCTAGAAGGGCCAAGATTCTGGTCCTACCTGTGGAGTCTGGCTCACTGTCAGAAAGTTGGGGCACTTATACCTGAGTCCCTCTATCTTGGGGGCGGGGTCGTGGCATCTCTCAGGCACACCTGGATTCCGGCCTCAAGAACTTCCAGAATTGGGCTCCTCTCAACTCCCAACTCAGATCCCTGGGTTCCCACCTGTTGGTGCCCTTTCAG,1,chr16:15822000:prostate_gland:0,72b7dc3b18f0d2de,snv,256,256,257,chr16,15822000,T,T,C,prostate_gland,ENC-002,TF-ChIP-seq_CTCF,0.686567164179,134.0,dev,0.88136274,1,TP,TP,41
AAGCCGAGGTTTGGCTGAGAAAGACCTGGGTTTGGCACTCAGTCATTCACTCTCAGTGAGACCCCGAGTAAGCCACTTCACATCTCTGAGCCTCGGTGTCCCAACTATGAGGCTGGCCTCTGCATTTTGTAGCAGCAGCAGCATTTACTATGTCTCACTGCACCTGCTGCAAGCTGCTTGGAGCAAGTCTCCGTCCTTCCCACTCCATCGCTTAGCTGCTGGTTCATGCACCACCCAGCCCTGCCCCATGTTGGCAACAATTTGCAAGGTAGACTAGTTAGTTACTCATGCACATAGTGCTTTTGATCTTCCCACTCCCTGTTGACAAATACGTTCAGCAGTAACATGGTAGATATTAGTATGAACTATCACTATCAGGAAAAAAAGTGTTAAAATGCATATCTATTGGCTCAGTAGAAAATACTCCTTAAGGCTTTAGCTGTTGAAAAAATATACTGTTTGACACTTTCTCAAGTCCAAATGCAGTAGCTCATCGTAACCAAAATCTTGGTA,1,chr7:129098895:esophagus_squamous_epithelium:0,5517e287e83ea6fa,snv,256,256,257,chr7,129098895,A,A,G,esophagus_squamous_epithelium,ENC-002,TF-ChIP-seq_CTCF,0.0740740740741,27.0,dev,0.8753524,1,TP,TP,44
CAAGTATAAACACTCAGAGGGGACAAGGAGGGGATTCAGTTCTCCCTGCAGTCATCCTGCCTGGGGTGGAGATCTGGCCCTTGTGGCTTTCATGATGACCACCACCTGCAGCCTAACCATTTGGGGCACACAGGAGAGGGTGGCTCTTTCTTGGGGAGATCATTGTTCAAAAGCCCCTCTATACCGTTTGTCTCTGCCGTGTTGCCTGCCAGAAGCAATGTCTGATGCCTCCACTTGGCAGCCACAGGCTGTGAGGTCATCTTTTCACCACTCGCTGTTCCTTCAGCATTTAAGCTCTCTGGCAGTGACTCAATGTTTACAATCGCATTAACCTGTGAGGAACGCCGTGGCTGTGTCGAAGAACAAGGCCCCTGCTGGCACCAAGGTAACTGTGGACATGTTCTTGGGAAGAGGTGAGGGGAGGGGGCAGGGAGCCAGGCACAGTGTGGTGGGATACCTGTGTGTGGGGAGCTCTCTTCCGCTCTTGGCAGGACATCCAGTTCCCAAAGAAGG,1,chr1:221846011:body_of_pancreas:0,26e27da9fecf7c39,snv,256,256,257,chr1,221846011,T,C,T,body_of_pancreas,ENC-002,TF-ChIP-seq_CTCF,0.769230769231,26.0,dev,0.8498916,1,TP,TP,45
GCACCGGGAGGTGGCGGGGAAGGAGGCGTATGTGTGTTGTGGACATGTGTGTTAGCGTGTGCATGCCGGCTGTGGGGCCTCACAGCATGTGTGTGCACACCCCGGCATGCGCATGTGTGTGTGTTCCACAACCCCAGGCCTGCCCCACCCATGCGTGTGACCTGCCATGTTGATCTGATGCTTTCAGAATCACTATCAGTGGCCCCTGAGGAGCATCAGCCATGGTAGGTACATGCCTCACCGCCTGCTGCATGAACGGTGTTCCCGCCCCGCTGCACCAGCTCCACACGGGGGCGCACCTGGGACCTCAGATCCAGGCTCCCTGCCCCTCCTTTCTGGAGCTGCAGATTTGCTCTTTCCTCTTTCTGTCCTGGTGCTGCTGGCTCTTTCACCTCCCTTCCCTGCAAGCCATGGGACTCAGCGCCACTGCCCAGGGCCTCCATGGCTGAGCCTGGGGGCTCTTGGAACAGGCTCCATGCCCAAGCTGGCAGACATGAGTGCTCTCTGGAGCTG,1,chr15:77908331:esophagus_muscularis_mucosa:0,d499b898dcecddee,snv,256,256,257,chr15,77908331,C,C,T,esophagus_muscularis_mucosa,ENC-002,TF-ChIP-seq_CTCF,0.923076923077,26.0,dev,0.84048426,1,TP,TP,46
CTTTATGTGCAGCAATGCACAAATTACTGCTTAAAGCAGGAAGCCAGGTGCAGCATGCAGAACACTCCCTGGGCAGCAGCACCTCTGGAGAGGTGCGTGAGTGCCTGGGGCTGCCATAACCAAGCACCACAAACCGCCTGGCTTAAAACCTATCCTCTCACAGTGCTGGGGCCAGAAGTCCAAAGTCACAGTGGCAGCTGCACCACGCCTCCTCTGAGGCCTCCCAGGGAGAACCCGTTGCTTATTCCAGCTCCTGGTGGCTCCAGGTGGCCTCTGCCTCCATCTTCACATGACTCCTCCCTGTGTGTATCTTCTCCCCCTCTCTTCTAAGAACACTGTCATTGGATCCGGGCCCGCTCCAATTCAGGATGACCTCACCAGAAGGTCCTTAATGACATCTGCACAGATCTTTTTTCCAAATTCAGTCACATTTATAGGTTCTGGGTGGATGCATCTTTTAGGGGCTCACTATTGTCTCCCTAAAAGAAAGAAGCGGAGGCAAAATTAATCTAA,1,chr21:43311654:Peyers_patch:0,65f57157055b5d0f,snv,256,256,257,chr21,43311654,G,T,G,Peyers_patch,ENC-002,TF-ChIP-seq_CTCF,0.90243902439,41.0,dev,0.81396234,1,TP,TP,54
CTACACTCTAAAAATATGAATAAAATCTATAGTATTATACATACTGTTGATCCTTGAACAGTGCAAGGGTTAGGGGACCAGCTCCTCTGCAGTTGAAAATCCATATATAATTCTGGGATATCCCCAAACTTAACTTAATATATGATATATATCATATATAATATATATGATATATATTACATATGATATATATCATATATATTATATATGATATATATTATATATAATATGTATGATATATATTATACACAATATGTATGATATATATTATACACAATATGTATGATATATATTATACACAATATGTATGATATATATTATACACAATATGTATGATATATATTATATACAATAAGTATGATATATATTATATACAATATGTATGATATATATTATATACAACATATGATATATAATATACTATATGATAGAGATTATATACAATATATATGATAGAGATTATATACAATATATATGATACAGATTATATACAATATATATGATACAGATTAT,1,chr22:20336290:adrenal_gland:0,a45a8cbd6c31522e,snv,256,256,257,chr22,20336290,T,C,T,adrenal_gland,ENC-002,TF-ChIP-seq_CTCF,0.115384615385,26.0,dev,0.8091436,1,TP,TP,55
CTTTCTTTTTTTCTTGTCCTTTGTTCCAAGGAGAAAGGATTCACTCGGGTCCCTGTGAGAAGAGCTTCTTTAGCACTCTAAAATTAGAAAAGTATACCCAGGAGAGAGCAGGTTCCTTCCAGTTCCCTAGGAGAGTAGAGCACCAAATATTTCTCCTAGGTCTTGCTTTGTGGCTGTATGTGTGTCCTTGCTGGTACTGATGATGCCTTCCATATAAGGACTCAGACTCCACTAGCTGCCAGATTTCTGCTTGAAACACTGCCCGCTAGCGTTGAAGCTTTCAAACGATTTTAATCCATGGTGATGAAGCAAGAACAGTGTTTTCTGTACACTGCATCTACCCTATACTCTCTGTTTCTACCCCTCACATCTCCAAATTAGGGGGCTTCACTGGCTTTGTGCCTTGGTTTTTTCCACTCACCTGTGTGATCTCAGGAGGCAGAGTTTCAAGTTAGTCATCAGTGATTTCCTCAAGTCCATTTGTCTTATATTTAGCAGCAATTCCTTAGTGCT,1,chr9:104091923:Peyers_patch:0,613c811cdf30a0ee,snv,256,256,257,chr9,104091923,C,T,C,Peyers_patch,ENC-002,TF-ChIP-seq_CTCF,0.114285714286,35.0,dev,0.8055202,1,TP,TP,56
CGGTCTGGAAGGCCATTGGCCTCAGGTGTGACTCAGTGTGGTGCCAGCTGTGGTGGCCATGAGAGTGCCTGAATCATGCCTTTCACAGCTCCAGACAGCCCAGCATAGAAAGAGACTCCTGCTTGGGGAAAACTGAAGAAAGAGAGCAAGAGAATCCACCTGGGAACCCAGGGAACTCTCTTTTATCTTCCCCAAGTCCACCAAGGCTGTGTATCTGAGTCTGCAAAAATTGTAGCATTCTGAGGCTTAGGGTTCCCCCTAGTGCTGAGAGGCTGCCATGACCACAGGCTTAGGTAACAACACTCAAACCCATTTGAATTCTCTGTCTCTTTTTTTTGTTTAACTTTTATTTTAAGTTCAGGGGTTCATGTGCAGGTTTGTTACATAGATAAAGCTGTGTCATGGGGGCTTGTTGTACAGCTTATTTTATCACCCAATAGCCTACCCTTAACACCCAGGTATTAAGCCTAGTACCCATTAGTTATTTTTCCTGATCCTCTCCCTCTTCCCACC,1,chr12:7460805:body_of_pancreas:0,0a7f804816e29d4c,snv,256,256,257,chr12,7460805,C,T,C,body_of_pancreas,ENC-002,TF-ChIP-seq_CTCF,0.8074534161489999,161.0,dev,0.79793155,1,TP,TP,57
TAATTTTTTTTAATGAGTAGCAGTACTACACTCTAAAAATATGAATAAAATCTATAGTATTATACATACTGTTGATCCTTGAACAGTGCAAGGGTTAGGGGACCAGCTCCTCTGCAGTTGAAAATCCATATATAATTCTGGGATATCCCCAAACTTAACTTAATATATGATATATATCATATATAATATATATGATATATATTACATATGATATATATCATATATATTATATATGATATATATTATATATAATATGTATGATATATATTATACACAATATGTATGATATATATTATACACAATATGTATGATATATATTATACACAATATGTATGATATATATTATACACAATATGTATGATATATATTATATACAATAAGTATGATATATATTATATACAATATGTATGATATATATTATATACAACATATGATATATAATATACTATATGATAGAGATTATATACAATATATATGATAGAGATTATATACAATATATATGATACAGATTAT,1,chr22:20336265:adrenal_gland:0,7e3364c4ffea48ea,snv,256,256,257,chr22,20336265,T,C,T,adrenal_gland,ENC-002,TF-ChIP-seq_CTCF,0.107142857143,28.0,dev,0.7825055,1,TP,TP,74
TTGGAAACACTCTATTTGTAAAGTCTGCAAGTGGATATTTGGACCTCTTTGAGGCCTTCGTTGGAAACGGGATTTCTTCATATAACGCTAGACAGAAGAATTCTCACTAACTTCTTTGTGTTGTGTGTATTCAACTCACAGAGTTGAACCTTTCTTGAGAGAAAGCAGATTTGAAACACTCTATTTGTGGAATTTGCTAGTGCAGATTTCATACGCTTCGAAGACAATGATAGAAAAGGATATAACTTCATATTAAAACTAGACAAAATCATTCTCAGAAAACACTTTGTGATGTGTGTGTTCAACTCACAGAGTTTAACCTTTCTTTTATTGAGCAGTTTGGAAATACACTCTTTGTAAGTCTGCAAGTGGACAATTGGCCCTCTTTGAGCCCTTCGTTAGAAACGGGATTTCCTCATATAATGCTAGACAGAAGAATTCTCAGTAACTTCTTTGTGTTGTTTGTATTCAACTCACAGATTTGAACGTTCTTTAGAGAGAGCAGATTTGAAA,1,chr10:41453435:transverse_colon:0,506e17e88cde2fa7,snv,256,256,257,chr10,41453435,A,A,C,transverse_colon,ENC-002,TF-ChIP-seq_CTCF,0.2432432432429999,37.0,dev,0.7816224,1,TP,TP,75
CAAGGACTAAACTTCTGAAATCAAAGTATATATTAGGGGTAAAATAAATACATGATTTAAAAAAATATTCTATGAAATATGGAATATTTTTGGAGGAAGTACTGAGAATATTGTAAAAATGTCATCAAGCTTGTGATGTATTAGGTTTTGTTTTTTTCAAATTAGGTGGGATTATAAATCTAATATGAAAGTGTGAAATACAAATCTAAAATGTGTACAAAAGTTGGTGGTGTTTCTTAAAACTTAATTTGCCTTAGGATGGCAGTATTGTTCTTCCTAAGATTTAGGAAAGTTTTAGAAAAGGCTTCATGAGGAAAGCATCGGCTTTCTAAACATTTTCTCACTCTCACATCGACACAAAAACCCATGCTTATCAAAGAATTGGGTGGATGTAATATACATACAGATTAAACTAAAACTCTATACAAACAGTGATAATGGGTAAAAACACAAGCGGTACAAATCTGATTGACATGTTAGTTAATTAAAAGAAACAAGGAAAAAAGGTTTGGG,1,chr13:62387833:body_of_pancreas:0,2b656cf7feb9202a,snv,256,256,257,chr13,62387833,G,A,G,body_of_pancreas,ENC-002,TF-ChIP-seq_CTCF,0.264705882353,34.0,dev,0.77285385,1,TP,TP,83
TTTTAATGAGTAGCAGTACTACACTCTAAAAATATGAATAAAATCTATAGTATTATACATACTGTTGATCCTTGAACAGTGCAAGGGTTAGGGGACCAGCTCCTCTGCAGTTGAAAATCCATATATAATTCTGGGATATCCCCAAACTTAACTTAATATATGATATATATCATATATAATATATATGATATATATTACATATGATATATATCATATATATTATATATGATATATATTATATATAATATGTATGATATATATTATACACAATATGTATGATATATATTATACACAATATGTATGATATATATTATACACAATATGTATGATATATATTATACACAATATGTATGATATATATTATATACAATAAGTATGATATATATTATATACAATATGTATGATATATATTATATACAACATATGATATATAATATACTATATGATAGAGATTATATACAATATATATGATAGAGATTATATACAATATATATGATACAGATTATATACAAT,1,chr22:20336272:adrenal_gland:0,8d63c78d990ad377,snv,256,256,257,chr22,20336272,T,C,T,adrenal_gland,ENC-002,TF-ChIP-seq_CTCF,0.107142857143,28.0,dev,0.7721541,1,TP,TP,85
GAGCAGTTTTGAAACACTCTTTTTGTGGAATCTGCAAGTGGATATTTGTCTAGCTTTGAGGATTGCGTTGGAAACGGGATTACATATAAAAAGCAGACAGCAGCATTCCCAGAAACTTCTTTGTGATGTTTGCATTCAAGTCACAGAGTTGAACATTCCCTTTCTTAGAGCAGGTTTGAAACACTCTTTTTGTAGTATCTGGATGTGGACATTTGGAGCGCTTTCAGGCCTATGGTGAAAAAGGAAATATCTTCCCCTGAAAACTAGACAGAAGCAATGTCAGAAACTTTTTCATGATGTATCTACTCAGCTAACAGAGTTGAACCTTTCTTTTGAGAGAGCAGTTTTGAAACACTCTTTTTGTAAAATCTGCAAGAGGATATTTGGATAGCTTTGAGGATTTCGTTGGAAACGGGATTGTCTGCATATAAACTCTAGACAGAAGCATTCTCAGAAGCGTCATTGGGATGTTTCAATTGAAGTCACAGTGTTGAACAGTCCCTTTCATAGAGC,1,chr2:93595277:spleen:0,6b6288af18adcf81,snv,256,256,257,chr2,93595277,C,A,C,spleen,ENC-002,TF-ChIP-seq_CTCF,0.05,20.0,dev,0.769717,1,TP,TP,86
TCTTTTTCTAGAATCTGCAAGTGGATATTTGGAGGGCTTTGAGGTTTGTGGTGGAAAAGGAAATATCTTCACATAAATACTAGATGGAAGCATTCTCAGAAACTACTTTGTGATGATTGCATTCACCTCACAGAGTTGAACATTCCTATTGAGAGAGCAGTTTGGAAACACTCTTGTTGGAGAATCTGCAAGTGGAGATTTGGAGCGCTTTGAGGCCTATGGTACTAAAGGGAATAGCTTCATATAAAAACTAGGCAGAAGCATTCTCAGAAAATACTTTGTGATGATTGAGTTGAACTCACAGAGCTGAACATTCCTTTGGATGGAGCAGGTTTGAAACACACTTTTTGTAGAATCTGCAAGTGGATATTTGGACCTCTCTGAGGATTTCGTTGGAAACGGGATAACTGCACCTAACTAAACAGAAGCATTCTCAGAAACTTCTTTGTGATATTTGCATTCAAATCCCAGAGTTGAAACTTCCTTTGATAGGTCAGGTTTGAAACACTCTTT,1,chr17:26589744:esophagus_muscularis_mucosa:0,706c23804efd9ede,snv,256,256,257,chr17,26589744,A,A,C,esophagus_muscularis_mucosa,ENC-002,TF-ChIP-seq_CTCF,0.726315789474,95.0,dev,0.7605984,1,TP,TP,88
GCCCATGTGTGTGCTTCAGTGTGCTGAGTGGCTGCACGCCCCAGATCTGTGCTGCACGTGCCAGCCAGTGAGGGTGCTGGGCACCGGGAGGTGGCGGGGAAGGAGGCGTATGTGTGTTGTGGACATGTGTGTTAGCGTGTGCATGCCGGCTGTGGGGCCTCACAGCATGTGTGTGCACACCCCGGCATGCGCATGTGTGTGTGTTCCACAACCCCAGGCCTGCCCCACCCATGCGTGTGACCTGCCATGTTGATCTGATGCTTTCAGAATCACTATCAGTGGCCCCTGAGGAGCATCAGCCATGGTAGGTACATGCCTCACCGCCTGCTGCATGAACGGTGTTCCCGCCCCGCTGCACCAGCTCCACACGGGGGCGCACCTGGGACCTCAGATCCAGGCTCCCTGCCCCTCCTTTCTGGAGCTGCAGATTTGCTCTTTCCTCTTTCTGTCCTGGTGCTGCTGGCTCTTTCACCTCCCTTCCCTGCAAGCCATGGGACTCAGCGCCACTGCCCA,1,chr15:77908251:Peyers_patch:0,c1bac9c5b7106936,snv,256,256,257,chr15,77908251,G,G,A,Peyers_patch,ENC-002,TF-ChIP-seq_CTCF,0.909090909091,22.0,dev,0.7498364,1,TP,TP,96
CTAAAAATATGAATAAAATCTATAGTATTATACATACTGTTGATCCTTGAACAGTGCAAGGGTTAGGGGACCAGCTCCTCTGCAGTTGAAAATCCATATATAATTCTGGGATATCCCCAAACTTAACTTAATATATGATATATATCATATATAATATATATGATATATATTACATATGATATATATCATATATATTATATATGATATATATTATATATAATATGTATGATATATATTATACACAATATGTATGATATATATTATACACAATATGTATGATATATATTATACACAATATGTATGATATATATTATACACAATATGTATGATATATATTATATACAATAAGTATGATATATATTATATACAATATGTATGATATATATTATATACAACATATGATATATAATATACTATATGATAGAGATTATATACAATATATATGATAGAGATTATATACAATATATATGATACAGATTATATACAATATATATGATACAGATTATATACAAT,1,chr22:20336297:adrenal_gland:0,8ff4e3435df15f19,snv,256,256,257,chr22,20336297,T,C,T,adrenal_gland,ENC-002,TF-ChIP-seq_CTCF,0.0833333333333,24.0,dev,0.7482162,1,TP,TP,99
AATATGAATAAAATCTATAGTATTATACATACTGTTGATCCTTGAACAGTGCAAGGGTTAGGGGACCAGCTCCTCTGCAGTTGAAAATCCATATATAATTCTGGGATATCCCCAAACTTAACTTAATATATGATATATATCATATATAATATATATGATATATATTACATATGATATATATCATATATATTATATATGATATATATTATATATAATATGTATGATATATATTATACACAATATGTATGATATATATTATACACAATATGTATGATATATATTATACACAATATGTATGATATATATTATACACAATATGTATGATATATATTATATACAATAAGTATGATATATATTATATACAATATGTATGATATATATTATATACAACATATGATATATAATATACTATATGATAGAGATTATATACAATATATATGATAGAGATTATATACAATATATATGATACAGATTATATACAATATATATGATACAGATTATATACAATATATA,1,chr22:20336302:adrenal_gland:0,7a50bfb8332a5f5f,snv,256,256,257,chr22,20336302,T,C,T,adrenal_gland,ENC-002,TF-ChIP-seq_CTCF,0.0909090909091,22.0,dev,0.7214773,1,TP,TP,100
ATGAGTAGCAGTACTACACTCTAAAAATATGAATAAAATCTATAGTATTATACATACTGTTGATCCTTGAACAGTGCAAGGGTTAGGGGACCAGCTCCTCTGCAGTTGAAAATCCATATATAATTCTGGGATATCCCCAAACTTAACTTAATATATGATATATATCATATATAATATATATGATATATATTACATATGATATATATCATATATATTATATATGATATATATTATATATAATATGTATGATATATATTATACACAATATGTATGATATATATTATACACAATATGTATGATATATATTATACACAATATGTATGATATATATTATACACAATATGTATGATATATATTATATACAATAAGTATGATATATATTATATACAATATGTATGATATATATTATATACAACATATGATATATAATATACTATATGATAGAGATTATATACAATATATATGATAGAGATTATATACAATATATATGATACAGATTATATACAATATATA,1,chr22:20336277:adrenal_gland:0,82d1ababb4767cab,snv,256,256,257,chr22,20336277,T,C,T,adrenal_gland,ENC-002,TF-ChIP-seq_CTCF,0.103448275862,29.0,dev,0.7065083,1,TP,TP,101
AGGCTACAAGCCCCATGCAATTCTGAAATCCAGAAGGGCAGTCAAATCTAAAGCTCCTTTGACTCCATGTCTCACATCTAGGTCACGCTGAGGCAAGAGGTGGATACCCATGGTCTTGGGCAGTTCCACCCCTCTGGCTCTGCAGGGTACAGTCTCCCTCCTGGCTGCCTTCATGGGCTGGTGTTAAGTGTCTGCAGCTTTTCCACGCACACAGTGCAAGCTGTCAGTGGATCTACACTTCTGGGGTCTGGAAGACGGTGGCCCTCTTCTCACAGCTCCACTAGGTGGTGCCCCAGTAGGGATTCTGTGTGGGGGCTCCCTCCCCACATTTTCCTTCTGCACTGCCCTAGCAGAGGTTCTCCATGAGGACCCCACCTATGTGGCAAACTCCTGCCTCGGCATTCAGGCGTTTCCATACATCTTCTGAAATCTAGGCAGAGGTTCCCAAACCTCAATTCTTGACTTCTGTGCACTTGTAGGCTCAACACCACATGGGAGATGCCAAAGCTTGGG,1,chr9:62286039:Peyers_patch:0,e0bbdc0955ab360d,snv,256,256,257,chr9,62286039,G,C,G,Peyers_patch,ENC-002,TF-ChIP-seq_CTCF,0.2,25.0,dev,0.7059767,1,TP,TP,102
GCGTTGTGACTCTGCCCATGTGTGTGCTTCAGTGTGCTGAGTGGCTGCACGCCCCAGATCTGTGCTGCACGTGCCAGCCAGTGAGGGTGCTGGGCACCGGGAGGTGGCGGGGAAGGAGGCGTATGTGTGTTGTGGACATGTGTGTTAGCGTGTGCATGCCGGCTGTGGGGCCTCACAGCATGTGTGTGCACACCCCGGCATGCGCATGTGTGTGTGTTCCACAACCCCAGGCCTGCCCCACCCATGCGTGTGACCTGCCATGTTGATCTGATGCTTTCAGAATCACTATCAGTGGCCCCTGAGGAGCATCAGCCATGGTAGGTACATGCCTCACCGCCTGCTGCATGAACGGTGTTCCCGCCCCGCTGCACCAGCTCCACACGGGGGCGCACCTGGGACCTCAGATCCAGGCTCCCTGCCCCTCCTTTCTGGAGCTGCAGATTTGCTCTTTCCTCTTTCTGTCCTGGTGCTGCTGGCTCTTTCACCTCCCTTCCCTGCAAGCCATGGGACTCA,1,chr15:77908238:esophagus_squamous_epithelium:0,ef8befd9be0e58f6,snv,256,256,257,chr15,77908238,G,G,A,esophagus_squamous_epithelium,ENC-002,TF-ChIP-seq_CTCF,0.8571428571430001,21.0,dev,0.6913564,1,TP,TP,103
TACAATATATAGTTATATATATAGTATATAACTATATACAATATATAGTTATATACTATATATGTAACTATATACAATATATAGTTATATATATAGTATATGTAACTATATACAATATATAGTTATATATATAGTATATAACTATATACAATATATAGTTATATATATAGTATATAACTATATACAATATATAGTTATATATATAGTATATAACTATATACAATATATAGTTATATATATAGTATATAACTATATACAATATATAGTTATATATATAGTATATAACTATATACAATATATAGTTATATATATAGTATATAACTATATATAATATATAGTTATATACATATAATATGTATAATATTATGTAACACCTAGTTCTTGTTGGTTAGAGTTAGATAGTGGGTTAAACAATATAGTGTCTGAAACTCTTTTATAAATACTCCAGAAAAAAGGGGGAAACGTAGATAGAACAAAATAGGCAAAATTTGGTAATTGTTGGAGCTTGGTAGT,1,chr13:38956721:prostate_gland:0,6b8c272cec12b655,snv,256,256,257,chr13,38956721,C,T,C,prostate_gland,ENC-002,TF-ChIP-seq_CTCF,0.0,25.0,dev,0.6892203,1,TP,TP,106
TATTATACATACTGTTGATCCTTGAACAGTGCAAGGGTTAGGGGACCAGCTCCTCTGCAGTTGAAAATCCATATATAATTCTGGGATATCCCCAAACTTAACTTAATATATGATATATATCATATATAATATATATGATATATATTACATATGATATATATCATATATATTATATATGATATATATTATATATAATATGTATGATATATATTATACACAATATGTATGATATATATTATACACAATATGTATGATATATATTATACACAATATGTATGATATATATTATACACAATATGTATGATATATATTATATACAATAAGTATGATATATATTATATACAATATGTATGATATATATTATATACAACATATGATATATAATATACTATATGATAGAGATTATATACAATATATATGATAGAGATTATATACAATATATATGATACAGATTATATACAATATATATGATACAGATTATATACAATATATATGATACAGATTATATACAAT,1,chr22:20336322:adrenal_gland:0,2890fb9c58dc080b,snv,256,256,257,chr22,20336322,T,C,T,adrenal_gland,ENC-002,TF-ChIP-seq_CTCF,0.173913043478,23.0,dev,0.6890974,1,TP,TP,107
ACAAAAATTCTTGTCCTCCTGAGGCGCTAGAGATTTATTTCAAGGAAAAGAAGGGTCTCTTGCAACTGCCCCACCCCATAAACAGAATTCTTCTGTGTTATACTCATCTGCTTTCACCTAGCAGATACTTTTCCATATTTTTAAAAAGAAAGTTGTCATTTTATTCCTTCACTCATTGAACCTCTGTTGTCAAGCGCTGTTCTAAACACTGGAGATCCAGTAGTGAACAAAACAAAAATTCTTGTCCTCCTGAGGCGCTAGAGATTTATTTCAAGGAATTGATTCATGCAATTGTGAGGACTGACAAGTCCAAAGTCTGTAGGGTAGGTAAGTTTGAAATTGTAGGGCAGACTAGGAGGCTGGAAACTCAAGCAGGAGTTGATGCTACAGAATTTATTCCCTTTTCTACATTTTTTTAAATGACAGTTTTATTTATGGTCTTGCTGAGTACAGAATAAGAAACTATTATTTTAGCAATTTACTAAAACTTTGTTCTGATGTGCTCTTGAAGTT,1,chr9:88100681:Peyers_patch:0,0f2c0ab0a29988eb,snv,256,256,257,chr9,88100681,G,T,G,Peyers_patch,ENC-002,TF-ChIP-seq_CTCF,1.0,21.0,dev,0.68277574,1,TP,TP,108
TACAATATATAGTTATATACTATATATGTAACTATATACAATATATAGTTATATATATAGTATATGTAACTATATACAATATATAGTTATATATATAGTATATAACTATATACAATATATAGTTATATATATAGTATATAACTATATACAATATATAGTTATATATATAGTATATAACTATATACAATATATAGTTATATATATAGTATATAACTATATACAATATATAGTTATATATATAGTATATAACTATATACAATATATAGTTATATATATAGTATATAACTATATATAATATATAGTTATATACATATAATATGTATAATATTATGTAACACCTAGTTCTTGTTGGTTAGAGTTAGATAGTGGGTTAAACAATATAGTGTCTGAAACTCTTTTATAAATACTCCAGAAAAAAGGGGGAAACGTAGATAGAACAAAATAGGCAAAATTTGGTAATTGTTGGAGCTTGGTAGTGGGATCATGTGAGTTTATTTTGGTGTTCTACATTTA,1,chr13:38956757:prostate_gland:0,421a61fa20637a85,snv,256,256,257,chr13,38956757,C,T,C,prostate_gland,ENC-002,TF-ChIP-seq_CTCF,0.0,26.0,dev,0.6813477,1,TP,TP,109
TCCAGGCCCAATCTGCAGGCAGGAGGGAAGGAGCTGCTGGAAAGAGAAACAGAAGATGAAAGGGACTCTGGGGACGGGGTGATGAACACTCCTGGGCATGCCCTTAGCTAAGAGCCACTACACTGGGGTTTTGCTGAGAGCTTCTCAGCAGCAGAAACCTTGGGTCAAGCCCAATCCTACATAAACCTGGTAGAAGCAGAGTTGATCTAGAAGGAAGGAAAGGAAGGAGCCAGCCCCACTAACCTCACTCCCCCTACCGTGCACAGCCAATCCTGCAGCCACTAAGAGACCACCTCAGGAACATGGACACCTCAGGGCCTCCACTCACAGCGTATGCTCTCTGAGGGCTGGCTGGCTTTCTCTTCCTTTTCAATTTTCAAGTATTTGATTAACACATTCAAAACTAAAATAATTAAAATTAGCCAGAGATGCACTGTGTCTTGTGTGCACACCACTGGCTTACCACCTGATGTCCAGAGCATAAATGGGACTCCACAAATGGGTGACAGACAG,1,chr3:56987727:spleen:0,da3eeac1a00e3893,snv,256,256,257,chr3,56987727,C,C,A,spleen,ENC-002,TF-ChIP-seq_CTCF,0.8695652173909999,23.0,dev,0.6730436,1,TP,TP,110
TTTTATAGTTAATTTTTTTTAATGAGTAGCAGTACTACACTCTAAAAATATGAATAAAATCTATAGTATTATACATACTGTTGATCCTTGAACAGTGCAAGGGTTAGGGGACCAGCTCCTCTGCAGTTGAAAATCCATATATAATTCTGGGATATCCCCAAACTTAACTTAATATATGATATATATCATATATAATATATATGATATATATTACATATGATATATATCATATATATTATATATGATATATATTATATATAATATGTATGATATATATTATACACAATATGTATGATATATATTATACACAATATGTATGATATATATTATACACAATATGTATGATATATATTATACACAATATGTATGATATATATTATATACAATAAGTATGATATATATTATATACAATATGTATGATATATATTATATACAACATATGATATATAATATACTATATGATAGAGATTATATACAATATATATGATAGAGATTATATACAATATATATGAT,1,chr22:20336256:adrenal_gland:0,fe043aee3fd66980,snv,256,256,257,chr22,20336256,T,C,T,adrenal_gland,ENC-002,TF-ChIP-seq_CTCF,0.12,25.0,dev,0.67271554,1,TP,TP,111
AAAGTACTTCTTTTTCCCCATTATTAAGATGATAACAGGCAATGTCTATTCTGCACTAAATAATCCACTTTATCTGGATTAGTTACATCGTTGAAAGCTCATGAAAGCCCTGTGAGAGCAGTACTAGCAATACTTGCATTTTACAGATGACAAACCAAGGCTTACCCAAGCAGTCACACAACTAGCACGCGGCCAGGGGCAGCCTGTCTAGGCAGGGGGCGCCAGAGCACACGCTTCCCTCCATGCCGGGGGGGGGGGGTCCCAATTTCTTTGGTCTCAAGACCAGATGGCTGAGAACCCCAAAGAGCTTCTGTTTTGTGGATTTTACCTATTATGTTAACCTTATTAGAAATTTAAATAGCTTTAAATACATTACATGTTAGCAATAAACCCATTATGTTAACATATTTTTAATATATTTTTAAAAACTATTTTCTAAAATAAACAAATGAGAGATGAGTGGTGGGCTCAGTAGAAGCCATAGGATCTCGCATGCACTGTGTTCTGTCCTGT,1,chr6:166313484:spleen:0,87cc419f1ecf08ac,snv,256,256,257,chr6,166313484,G,G,C,spleen,ENC-002,TF-ChIP-seq_CTCF,0.181818181818,143.0,dev,0.66646266,1,TP,TP,112
CAGCTATGAAACACTCTTTTTCTAGAATCTGCAAGTGGATATTTGGAGGGCTTTGAGGTTTGTGGTGGAAAAGGAAATATCTTCACATAAATACTAGATGGAAGCATTCTCAGAAACTACTTTGTGATGATTGCATTCACCTCACAGAGTTGAACATTCCTATTGAGAGAGCAGTTTGGAAACACTCTTGTTGGAGAATCTGCAAGTGGAGATTTGGAGCGCTTTGAGGCCTATGGTACTAAAGGGAATAGCTTCATATAAAAACTAGGCAGAAGCATTCTCAGAAAATACTTTGTGATGATTGAGTTGAACTCACAGAGCTGAACATTCCTTTGGATGGAGCAGGTTTGAAACACACTTTTTGTAGAATCTGCAAGTGGATATTTGGACCTCTCTGAGGATTTCGTTGGAAACGGGATAACTGCACCTAACTAAACAGAAGCATTCTCAGAAACTTCTTTGTGATATTTGCATTCAAATCCCAGAGTTGAAACTTCCTTTGATAGGTCAGGT,1,chr17:26589730:esophagus_muscularis_mucosa:0,035fe1634a152793,snv,256,256,257,chr17,26589730,T,G,T,esophagus_muscularis_mucosa,ENC-002,TF-ChIP-seq_CTCF,0.25,92.0,dev,0.6661111,1,TP,TP,126
TATCTACTCAGCTAAAAGAGTTGAACCTTTCTTTTGAGAGAGCAGTTTTGAAACACTCTTTTTGTGGAATCTGCAAGTGGATATTTGTCTAGCTTTGAGGATTGCGTTGGAAACGGGATTACATATAAAAAGCAGACAGCAGCATTCCCAGAAACTTCTTTGTGATGTTTGCATTCAAGTCACAGAGTTGAACATTCCCTTTCTTAGAGCAGGTTTGAAACACTCTTTTTGTAGTATCTGGATGTGGACATTTGGAGCGCTTTCAGGCCTATGGTGAAAAAGGAAATATCTTCCCCTGAAAACTAGACAGAAGCAATGTCAGAAACTTTTTCATGATGTATCTACTCAGCTAACAGAGTTGAACCTTTCTTTTGAGAGAGCAGTTTTGAAACACTCTTTTTGTAAAATCTGCAAGAGGATATTTGGATAGCTTTGAGGATTTCGTTGGAAACGGGATTGTCTGCATATAAACTCTAGACAGAAGCATTCTCAGAAGCGTCATTGGGATGTTTC,1,chr2:93595238:gastroesophageal_sphincter:0,8575e6783ab7a43b,snv,256,256,257,chr2,93595238,G,T,G,gastroesophageal_sphincter,ENC-002,TF-ChIP-seq_CTCF,0.2,25.0,dev,0.6530751,1,TP,TP,137
AGCCCTGAATGTGTATTCCTAGAAATAGGATTTTGTTAGTGTGACCATAGTGTGGGTACTGACTTCAGGGATTTACCATTCATTTAATACTTCAATGTATTGCCATATTCTGATTTTGTTACTTGACCTAATAATGTTCTGTATAATACTTACTTTCCTTCAGTTCAGGATCTAGTCTAAGGTCACGTATTTTACAGATAATAAATTGTCCTTCCTCTATCACCCAGGCTTGGCGCCACCCAGTGGCACCATTGCAGGCTCATTGCAACCCCAGCCTCCCAGGTCAAGCGGTTCTCCCACCTCAGCCTTCCTGAGTAGCGGGGACCGCAGGCACACGCCATGACATATGGCTAATTTTATTTTTTGTAGAGATGGGGGTCTCACTTTGTTGTACAAGGTAGTCTTGAACCCCTGGGCTCAAGTGATCTCCTGCCTTGACCTCCCAGAGTGCTGGGATTACAGGCGTGAGCCACCGCACCTGGCCGAGCCGTGATTTTTGATCTAGCTAATCCG,1,chr7:2365021:spleen:1,a68f8fe502ff68a7,snv,256,256,257,chr7,2365021,G,G,A,spleen,ENC-002,TF-ChIP-seq_CTCF,0.242424242424,33.0,dev,0.6269896,1,TP,TP,138
TTATAGTTAATTTTTTTTAATGAGTAGCAGTACTACACTCTAAAAATATGAATAAAATCTATAGTATTATACATACTGTTGATCCTTGAACAGTGCAAGGGTTAGGGGACCAGCTCCTCTGCAGTTGAAAATCCATATATAATTCTGGGATATCCCCAAACTTAACTTAATATATGATATATATCATATATAATATATATGATATATATTACATATGATATATATCATATATATTATATATGATATATATTATATATAATATGTATGATATATATTATACACAATATGTATGATATATATTATACACAATATGTATGATATATATTATACACAATATGTATGATATATATTATACACAATATGTATGATATATATTATATACAATAAGTATGATATATATTATATACAATATGTATGATATATATTATATACAACATATGATATATAATATACTATATGATAGAGATTATATACAATATATATGATAGAGATTATATACAATATATATGATAC,1,chr22:20336258:adrenal_gland:0,d3d609b9f5731695,snv,256,256,257,chr22,20336258,T,C,T,adrenal_gland,ENC-002,TF-ChIP-seq_CTCF,0.115384615385,26.0,dev,0.62461686,1,TP,TP,139
GCGGCGCGTCCCCTCTTTGGAAGTCACCGAATGGCCAGGCCTGGAGCCCTTCAGCAAGCCCAGCGCGCCCGGCGCTCTCCCGAGGACGCCCGCGCCAGTCCCCACCAGCTTCTGTCTGTCCCCCAGGGTCCCAGGGGAGCGGCCCTGGGCCGGCGCAAAGGCGGGCTGGGTGGACCCCGGCGCGGGCAGGACCCAGGCCGCAGACCAAGGACCTGCGCGGGGGCCGAGCCCGGGGCACCGCCTCCAGGCCGCCTGCGGGACTCCATGGCAACTCCGGACCCAGGGAGGTGCTTGCCCCGGAGGCTGAGTCGCGCCTTCCATATATGGGATCCAGCTGGGCCCTCCTTAGAAGTCTGAGAATAACGATATTAATAATGCAAGGCTTCAGTTGTGAATGATTCATACTCCCTGTCCCCAGCTCCTCCACACACACGCGCCGCTGGCACCTGTTTGGGCCTGGCCAGGCACCCCCTGGGTCCGCGGTGTCACCACCCTGCCTTGGCAAACGAGGGC,1,chr10:116743138:adrenal_gland:0,32dbeb2cf01a95c6,snv,256,256,257,chr10,116743138,G,G,C,adrenal_gland,ENC-002,TF-ChIP-seq_CTCF,0.810810810811,37.0,dev,0.61351824,1,TP,TP,140
TGCAGCCCAGAAAGCTGAACTCATTGCTTTCATTCATGCCTTAGAACTCAGTAAGCGTGAGACTGTCAACATTTACACTGATTCTTGGTATGTCTTTTTAACCCTTCAAGTGCATGGAGCGTGATAGAAAAGGGCCTACTGAACTCTGGGGGAAAAGACAGAAAATATCAACAAGAAATCTTGCAATGATTAGAAGCAGTATGGAAACCCCACAAGGTGGCAGTTATGCATTGCAGAGGACACCAGAGAGCTTCCACCTTGCTGGGTTTGGGGAATTCCCCCGCTGACTCAGAGGCTCAAAAAGCAGCATCTGCCCCCTTCCGGGCATCAGTGCTCCCTCAAGCACCTGATCTTGGACCTACTTCTTCTAAAGAAGAAAAGGACTTTCTCCAGGTAGAGGGAAGGACAAGTGATCGAGGAAGGATGGATTCGGTTACCAGATGGGAGACTAGCTGTGCCACAGCTGCTAGGAGCTGCAGTTGTACTGGCTGTGCAAGAAACCACCCATTGAGG,1,chr3:125698176:thyroid_gland:0,795cd28a249f9717,snv,256,256,257,chr3,125698176,C,T,C,thyroid_gland,ENC-002,TF-ChIP-seq_CTCF,0.8,45.0,dev,0.60091555,1,TP,TP,141
CTGAAGCTGTTTTATAGTTAATTTTTTTTAATGAGTAGCAGTACTACACTCTAAAAATATGAATAAAATCTATAGTATTATACATACTGTTGATCCTTGAACAGTGCAAGGGTTAGGGGACCAGCTCCTCTGCAGTTGAAAATCCATATATAATTCTGGGATATCCCCAAACTTAACTTAATATATGATATATATCATATATAATATATATGATATATATTACATATGATATATATCATATATATTATATATGATATATATTATATATAATATGTATGATATATATTATACACAATATGTATGATATATATTATACACAATATGTATGATATATATTATACACAATATGTATGATATATATTATACACAATATGTATGATATATATTATATACAATAAGTATGATATATATTATATACAATATGTATGATATATATTATATACAACATATGATATATAATATACTATATGATAGAGATTATATACAATATATATGATAGAGATTATATACAAT,1,chr22:20336247:adrenal_gland:0,9e290da30d888f0b,snv,256,256,257,chr22,20336247,T,C,T,adrenal_gland,ENC-002,TF-ChIP-seq_CTCF,0.130434782609,23.0,dev,0.5876373,1,TP,TP,142
GAGGACTCTGCGGGCGAAGTGGCTGCGCAAGGAGAGAACTTTTCCTGCACAAGGAACGCCTCGTGGGGAGACCCAAGGCAGGAGCGGTCCGGAGCCGGCTGCGGCGTGTGCGGCCGGCCTTGGGACAGCGATCGCCGCGGGTGGCAACAGAGAGCCCCAAGCAAAAGTGGGAGCAGGAGCTTGGAGGTGAGCACAGGAAGCCCCACTTGAGGCTTTTACGCAGCCTCTAGTCTCTGTTTCTTCTGGAATAGGCAAGTGTCCTTTCAACTCTAAGAGACCAGCAGAGGCCACTGTCCCTTAAGACTGCCGGAGTCCTCACCACTTCTCCAGGATTCCAGAGGAGACTGTGGCGATGGTGAATGAAGGTCCCAACCAGGAAGAGAGCGATGACACCCCTGTGCCGGAGTCCGCACTCCAAGCGGACCCCAGCGTCTCGGTCCATCCCAGCGTCTCGGTCCATCCCAGCGTCTCCATCAACCCCAGCGTCTCTGTCCACCCCAGCAGTTCGGCCCA,1,chr14:75578876:spleen:1,e6e923a91cb1bdd8,snv,256,256,257,chr14,75578876,T,T,C,spleen,ENC-002,TF-ChIP-seq_CTCF,0.216666666667,60.0,dev,0.5855943,1,TP,TP,143
ATTAAAAAAAACATTTTCCATTATAGGAATGTGAAATGGGCCGTAATAATAATCACAACAACCAACATTTTCTGAGTGTTTGCTTTGTGCGTGGCACTGCATTTGACTTTTATTATTTAATCTCCTGCAAGAACTCTGTAGGGCAGGTCCTCTTCTTATTAGGTCCATTCTGCAGATGAGGAACTTGAGACTCTCTGGGTTATGCAGATAATAAGTTGTGTGGTCACTGTGCCCCACTGCCTTCCAGTGCCATCAGGTGGCAATGTGACATGACATATTATCTTTGTGTTCTGTATTTTTGAGCTATGATGTCAGCTAGAGTGAAGTTAGTTATTTATGAAAGGACAATCAGAGTGATCTCAAAGAAAGGTCAGTTTATCCAGTAAAATTAAAGGCAGAGTTGATTTTCAGGAATTGCTAACCTCAGCCTGTTTTAGCCTTTCAGCATTCGAGAAAGATGTTTTTCCAAGTCTTTTGTGTACTGGGTTCTTCTAGATAGAGAAAGGATACAAC,1,chr1:240287930:thyroid_gland:0,dd19782bc1d70995,snv,256,256,257,chr1,240287930,G,A,G,thyroid_gland,ENC-002,TF-ChIP-seq_CTCF,0.852941176471,34.0,dev,0.578876,1,TP,TP,144
AACCTTTCTTTTCATAGAGCAGTTTGGAAACACTCTATTTGTAAAGTCTGCAAGTGGATATTTGGACCTCTTTGAGGCCTTCGTTGGAAACGGGATTTCTTCATATAACGCTAGACAGAAGAATTCTCACTAACTTCTTTGTGTTGTGTGTATTCAACTCACAGAGTTGAACCTTTCTTGAGAGAAAGCAGATTTGAAACACTCTATTTGTGGAATTTGCTAGTGCAGATTTCATACGCTTCGAAGACAATGATAGAAAAGGATATAACTTCATATTAAAACTAGACAAAATCATTCTCAGAAAACACTTTGTGATGTGTGTGTTCAACTCACAGAGTTTAACCTTTCTTTTATTGAGCAGTTTGGAAATACACTCTTTGTAAGTCTGCAAGTGGACAATTGGCCCTCTTTGAGCCCTTCGTTAGAAACGGGATTTCCTCATATAATGCTAGACAGAAGAATTCTCAGTAACTTCTTTGTGTTGTTTGTATTCAACTCACAGATTTGAACGTT,1,chr10:41453412:gastroesophageal_sphincter:0,2d155c3a7e21c104,snv,256,256,257,chr10,41453412,A,A,G,gastroesophageal_sphincter,ENC-002,TF-ChIP-seq_CTCF,0.269841269841,63.0,dev,0.5780681,1,TP,TP,145
GCTGTTTTATAGTTAATTTTTTTTAATGAGTAGCAGTACTACACTCTAAAAATATGAATAAAATCTATAGTATTATACATACTGTTGATCCTTGAACAGTGCAAGGGTTAGGGGACCAGCTCCTCTGCAGTTGAAAATCCATATATAATTCTGGGATATCCCCAAACTTAACTTAATATATGATATATATCATATATAATATATATGATATATATTACATATGATATATATCATATATATTATATATGATATATATTATATATAATATGTATGATATATATTATACACAATATGTATGATATATATTATACACAATATGTATGATATATATTATACACAATATGTATGATATATATTATACACAATATGTATGATATATATTATATACAATAAGTATGATATATATTATATACAATATGTATGATATATATTATATACAACATATGATATATAATATACTATATGATAGAGATTATATACAATATATATGATAGAGATTATATACAATATATA,1,chr22:20336252:adrenal_gland:0,13608db4c1f601a6,snv,256,256,257,chr22,20336252,T,C,T,adrenal_gland,ENC-002,TF-ChIP-seq_CTCF,0.125,24.0,dev,0.55784315,1,TP,TP,155
CTCCCTGTCTCCAGGGCCCCCACCGAGGTTCCCAGGGCTGGAGACTTCCTCTGGTAAACATTCCTCCAGCCTCCCCTCCCCTGGGGACGCCAAGGAGGTGGGCCACACCCAGGAAGGGAAAGCGGGCAGCCCCGTTTTGGGGACGTGAACGTTTTAATAATTTTTGCTGAATTCCTTTACAACTAAATAACACAGATATTGTTATAAATAAAATTGTAAAAAAAAAAAAAAAAAAAAAGGCCAAAAAAAAAAAAAAGAAAGAAAAAAAGCCGCTGGTGTCTGCCTGTGTGTGAGAGACGCTGGGAGCTGGGGCTGCGCTTTCCTGCTTCGGCCACCAGAGGGAGACCTGCCCCGTGCTGGAGGCAGGCTGGCGCGTGGTTTTTAGTGCCCTTCTCCCAGGGCCCTCCCCCTCTCCATCTTACTGTGCCCGGGAAGCGGGTGGCACTGGACTTGACATGGAAGATCTGCTTCTCCTGGCTGTGTGACCTTCAGCCATGACTTCGAGTCTCCAGA,1,chr12:57213379:thyroid_gland:0,96c875cdecea6ec7,snv,256,256,257,chr12,57213379,G,G,A,thyroid_gland,ENC-002,TF-ChIP-seq_CTCF,0.948717948718,39.0,dev,0.5566738,1,TP,TP,156
CGGCCGCGCAGCCCTGCCGCGCCGCGCCCTCGCCCCGCCCACACCCCGCCTGGTCACGCCCCCTCCCCCGCGCGCCACGCCCACAGTCCGCCCCTGCGGGCCCGCCGCGCTCCTCGCCCGGCCTCGCCACGCCTACAACCCGCCTAGCCACGCCCACATGCCCCTCCCCGTCCACGTGGACACGGAGCCTGCTGGTGGCGCAGGTTACCTCCCCTCAGGTTGGACCTCCGGACTCGCAGGTGCACTACCTCAGGCGCAAGCCTGCACCCACCGCACCCTCATTCACTCCCATCTCTCCTCGCCCAGTCACGCCCTTGTTCGCTCATTCACCGGTTACACTGGGGTTTTCTGACTCGCACTTCCTCATTCATCCACTCACCCACTCATTCGCTCACCCACGCACTGCATCCTGCATTCATTCATTCACCCACTCACTCACTGCATCCTACATTCATTCATCCACTCACACACTCACTCACCGCATCCTGCATTCATCCAGCCACTCACTCACTC,1,chr7:2314716:body_of_pancreas:0,aaf1a7dfbe4dd356,snv,256,256,257,chr7,2314716,C,G,C,body_of_pancreas,ENC-002,TF-ChIP-seq_CTCF,0.1785714285709999,56.0,dev,0.55573046,1,TP,TP,173
CATGTTGTAACAGATTTGCCTCTTCCATGCTCTCGAAACGGTAACTCTCAACTCTGGCTGCCTATGACATCACCCAGGGAGATTTTTTAAATTCTCATACCCAGGCTACATACCAGATCTGTGAGATCACAGTCAGTCTCTGGGAGGTGGATCCAGGCATCTGGATTTTTGTAAAGCTCCCCAGGTGGTTCTGATGGGTGTGGCCAAGGTCAGAAGCACTGCCAAGCCTGGAGGCAGATTTGTGGCCCACCTGTAGCCTGTGTATGGCATTTTCTAAATACGGTTTCATGTAGGCAACATTCCCTCCTCCGTTTCCTGCTCCTACACTTGTGATTCTCTCTCCTACTTTTGATTTATGGTGTCTTAATGTATCCTTTTAAGTCCCCTGCAATCCTTTCTGGAACTTAGCAAAGTGAAAACAAATAGAGTAGAAAGGTTCCTGCTTTTCTCTGGCTGGGATCTGGGCACAGCTCCCACCCCAGTCAGCCCTCGCTGGAAAGAGGGTAGGAGCCT,1,chr2:23481261:body_of_pancreas:0,36b8ea0d71db49a0,snv,256,256,257,chr2,23481261,C,C,G,body_of_pancreas,ENC-002,TF-ChIP-seq_CTCF,0.233333333333,30.0,dev,0.54165065,1,TP,TP,174
AGTTCCTCATCTGTAAAATGCACTAGTGCCCGTCTCCTAAAGTTCTTGGGAAGATTAAATTCATTATTCCATAACAAACACTTAGCACAGTGCTTGGAACACAGTAAGCAGGAAATGTTAGCTGCAATTATGCAAATGATTATGAGGACAAATACAGCGTCTGCGGGAACCAGTTCCACTGAACCTGGTTTCGGGAAATGCTGGTAACATGGAAGAAACACTGGGAGAGTTTTCATTCCACATGCGCCACCTGGCCGTCATTCTGTGGTCTCCCCAAATAGTGCCTGGCTGGGCTGGGTGTCTGTTTGAGCAGTTCTCAAACTAAATGGAGTGCAGGATCCTGGGAAGGTCTGAGCAGCCCAGGGTGGGGCCAGACAGCCAGGATCAGAGTCATCTGACACCTGCAGGCCTCCGTAGGCTCCTCGTGTGTAAGGTAGATTGAGCTGTCCCGTCCTGGCCACCTTACAGCCTGTTTGAGGACTTTGGGGATCACGAGCAGAAAGGTAGAAGGCA,1,chr1:13801842:Peyers_patch:0,36c0a9904e67555a,snv,256,256,257,chr1,13801842,G,G,A,Peyers_patch,ENC-002,TF-ChIP-seq_CTCF,0.884615384615,26.0,dev,0.52370685,1,TP,TP,175
CTCAGCCGCATCCAAGACCACCGGGCTGAGGAAGGGCGGCTGTCCTTGCGTGGGTGGACATGAAGGTCAAAAAAGTCCTGGAGGGGGCCAGGATGACTTAAGGCAATCAAGGCCCAGATCTGCATGCCACATGGGTGCAGGGGGCCAGGGTCACACTCTGTCCTGGCACTGCTCCGGGAAGGGAATTGCAGGCCATTTGTCCTCCTCAGACATTGGATCGCCCTCTGGAGGTTCAAGAGTGAAAGGTTTGAGGGGATAGGGAAATGAAGAGATCACAAGACAGATGTACATCCAGTCTTGACACTCAATGCCAGGCAGTCTTCCAAAGCCATCCTCTCCTACCCTGGGTATTGTCCTCCTTTTCCATATTTTTGGTTTTGGTGGTGTGCAATGACATCCCATGGTGGCTTGAACTTTTGCCACTTCAGGATCCGTTTTGCTCCTATTCCCCAATTCACTAAGAGTCACCACCATCCACCCACACCCTCAAGCCAAAACCTAGGAGTCCTCCTA,1,chr6:132768417:Peyers_patch:1,9428ac0bd393adbf,snv,256,256,257,chr6,132768417,T,C,T,Peyers_patch,ENC-002,TF-ChIP-seq_CTCF,0.263157894737,38.0,dev,0.5072238,1,TP,TP,178
