sequence1,sequence2,label,example_id,locus_id,feature_type,anchor_offset_seq1,feat_start_seq1,feat_end_seq1,anchor_offset_seq2,feat_start_seq2,feat_end_seq2,chr,SNV,ref_allele,hap1_allele,hap2_allele,tissue,donor,assay,ref_allele_ratio,total_reads,split,prob_positive,pred_label,confusion_category,category,selection_rank_within_category
CAGGAATTTTTCTTCAACGTGTACAATTCAATGTACTTTCAGTTTTCATTTCAGCCTTCCTCAGTGGTTTCTGCCCAGCAACTGATGAGAAACATCACCTCTGAGCCAATCAAAAAACTTATTCTTCCAAAGAGAGATTGTTATTATTCCTCACGATGACCCGACAGTCTCTGCTTTCTTTTTCCTTTCTTCCAGAAGGAGATTTAACCATAGTAGAAAGAATGGAGAACTATTAACTGCCTTTCTTCTGTGGGCTGTGATTTTCAGAGGGGAATGCTAAGAGGTGAGTGGGGGAAGTCGATTAGAGCCTGGTTCACAATGCCTGGGAGGACAGGGGCTGAATCGCTGAGAGTGGTGAGTGGGCATGCAGGGAGAGTACTCACCCAGAGAAAGGGGTGTGTGCCTGAGGGGGTGCGCACGCACACATGTGGACACATGGAAAGGGGAGAAGTAGTGCAAAGAATAAAGACCTGCAGAGTTTGGGATTTGGTGAAGAAATAGTCTAATTGCATG,CAGGAATTTTTCTTCAACGTGTACAATTCAATGTACTTTCAGTTTTCATTTCAGCCTTCCTCAGTGGTTTCTGCCCAGCAACTGATGAGAAACATCACCTCTGAGCCAATCAAAAAACTTATTCTTCCAAAGAGAGATTGTTATTATTCCTCACGATGACCCGACAGTCTCTGCTTTCTTTTTCCTTTCTTCCAGAAGGAGATTTAACCATAGTAGAAAGAATGGAGAACTATTAACTGCCTTTCTTCTGTGGGCTCTGATTTTCAGAGGGGAATGCTAAGAGGTGAGTGGGGGAAGTCGATTAGAGCCTGGTTCACAATGCCTGGGAGGACAGGGGCTGAATCGCTGAGAGTGGTGAGTGGGCATGCAGGGAGAGTACTCACCCAGAGAAAGGGGTGTGTGCCTGAGGGGGTGCGCACGCACACATGTGGACACATGGAAAGGGGAGAAGTAGTGCAAAGAATAAAGACCTGCAGAGTTTGGGATTTGGTGAAGAAATAGTCTAATTGCATG,1,chr6:26402385:spleen:0,dec256b73922c5b3,snv,256,256,257,256,256,257,chr6,26402385,G,C,G,spleen,ENC-002,TF-ChIP-seq_CTCF,0.826086956522,23.0,dev,0.2117783,0,FN,FN,0
AACAAAGATCACAAACCTTAGGAAGATTTAAAGGAATCTTATAGTTAACATGCAGCCTTAGCTGCATGTTTCTTGTGTCTTAATAACTGAACACATTTAGACTTCTTGCATTTCCGAGTACTCTAAGGAAATCATTGAAAAGCATATTCTTCTTCATCTAGGTTTGTCCTACGTCGGGACCCTCCTGGGCTAGCGCGCTTTAAGGTGATGGCCAGAAGGTGGCGCTCTGCATCAGTTCATGGGGGCGGCCTGACTCCGGGGAAGGCAAACACACAAACCAAGGTGCCTGCTTTAAATCCGCAAAGTAAAGGTCCTCTTAACCACTTGTCATAAAACACCCTGAGACACCCGTCTTGGAAAATCGAAGTGTCAAGCTCAGCATCTTTGCCACATTTCAAACTAGGTAATTACCTTCTCTCCCAAAGGGAATCTGCTTTATGTATTTGTGTCCTTTCTAGGTTACAAGTTTCCCAAAGGCAATGATCTTGCCTTCCACTCACTCCATACAATGCT,AACAAAGATCACAAACCTTAGGAAGATTTAAAGGAATCTTATAGTTAACATGCAGCCTTAGCTGCATGTTTCTTGTGTCTTAATAACTGAACACATTTAGACTTCTTGCATTTCCGAGTACTCTAAGGAAATCATTGAAAAGCATATTCTTCTTCATCTAGGTTTGTCCTACGTCGGGACCCTCCTGGGCTAGCGCGCTTTAAGGTGATGGCCAGAAGGTGGCGCTCTGCATCAGTTCATGGGGGCGGCCTGACTCGGGGGAAGGCAAACACACAAACCAAGGTGCCTGCTTTAAATCCGCAAAGTAAAGGTCCTCTTAACCACTTGTCATAAAACACCCTGAGACACCCGTCTTGGAAAATCGAAGTGTCAAGCTCAGCATCTTTGCCACATTTCAAACTAGGTAATTACCTTCTCTCCCAAAGGGAATCTGCTTTATGTATTTGTGTCCTTTCTAGGTTACAAGTTTCCCAAAGGCAATGATCTTGCCTTCCACTCACTCCATACAATGCT,1,chr11:33858071:adrenal_gland:0,8d517ef084245daf,snv,256,256,257,256,256,257,chr11,33858071,C,G,C,adrenal_gland,ENC-002,TF-ChIP-seq_CTCF,0.610619469027,226.0,dev,0.26362914,0,FN,FN,1
AGTGGTCATCTTGAAATAGTACAACAAAGAAAAAGAAAGAAAGAATGAAAATTGACTAATGAGAAGATACAGACAAAGAAGGAAAGAGGGAGAAAGGGGTAGCTATACGTCAGTCACAACTAAGTTCTGGCAAATTTCATCCTACAAGGAAGAAGGGTTTGCTTTCTCTTGCAAATGATCTGGTTTCCTCTTTCCTTTCATTTTTGAACCTAACTTGGTGACTTCACAGAGTGCCCAGGCTGAGGCTGGGACTTAGTGGGTTCCGGGTCTCCAGCCTTTGCAGGTACCTCTCTGCTGCTGCCCTCTGCTGTCGGGGGAGGCAAAGGAGACACCCTTCTGGTCCTCCTGGTCCAAGTCCCGGAGCTGCCACCTCCTCCCATTTGAGACCGACAGAAGCTAGGGTCTCTTCCAGCCTCCCTGCTCTTCCCCAAAAGAATCATGAGGGGCTGGGGTTGGAGGCGCTGTACTTGGAAGCAGCAGAGACTCAGGACGGGGGTTCCAGTTAGACAAGGG,AGTGGTCATCTTGAAATAGTACAACAAAGAAAAAGAAAGAAAGAATGAAAATTGACTAATGAGAAGATACAGACAAAGAAGGAAAGAGGGAGAAAGGGGTAGCTATACGTCAGTCACAACTAAGTTCTGGCAAATTTCATCCTACAAGGAAGAAGGGTTTGCTTTCTCTTGCAAATGATCTGGTTTCCTCTTTCCTTTCATTTTTGAACCTAACTTGGTGACTTCACAGAGTGCCCAGGCTGAGGCTGGGACTTAGAGGGTTCCGGGTCTCCAGCCTTTGCAGGTACCTCTCTGCTGCTGCCCTCTGCTGTCGGGGGAGGCAAAGGAGACACCCTTCTGGTCCTCCTGGTCCAAGTCCCGGAGCTGCCACCTCCTCCCATTTGAGACCGACAGAAGCTAGGGTCTCTTCCAGCCTCCCTGCTCTTCCCCAAAAGAATCATGAGGGGCTGGGGTTGGAGGCGCTGTACTTGGAAGCAGCAGAGACTCAGGACGGGGGTTCCAGTTAGACAAGGG,1,chr3:186241955:prostate_gland:0,2fa0e8f1f06fe63c,snv,256,256,257,256,256,257,chr3,186241955,T,A,T,prostate_gland,ENC-002,TF-ChIP-seq_CTCF,0.210526315789,38.0,dev,0.26569015,0,FN,FN,2
CTGAGAAAGACCTGGGTTTGGCACTCAGTCATTCACTCTCAGTGAGACCCCGAGTAAGCCACTTCACATCTCTGAGCCTCGGTGTCCCAACTATGAGGCTGGCCTCTGCATTTTGTAGCAGCAGCAGCATTTACTATGTCTCACTGCACCTGCTGCAAGCTGCTTGGAGCAAGTCTCCGTCCTTCCCACTCCATCGCTTAGCTGCTGGTTCATGCACCACCCAGCCCTGCCCCATGTTGGCAACAATTTGCAAGGTAGACTAGTTAGTTACTCATGCACATAGTGCTTTTGATCTTCCCACTCCCTGTTGACAAATACGTTCAGCAGTAACATGGTAGATATTAGTATGAACTATCACTATCAGGAAAAAAAGTGTTAAAATGCATATCTATTGGCTCAGTAGAAAATACTCCTTAAGGCTTTAGCTGTTGAAAAAATATACTGTTTGACACTTTCTCAAGTCCAAATGCAGTAGCTCATCGTAACCAAAATCTTGGTAAATATAACACCTTC,CTGAGAAAGACCTGGGTTTGGCACTCAGTCATTCACTCTCAGTGAGACCCCGAGTAAGCCACTTCACATCTCTGAGCCTCGGTGTCCCAACTATGAGGCTGGCCTCTGCATTTTGTAGCAGCAGCAGCATTTACTATGTCTCACTGCACCTGCTGCAAGCTGCTTGGAGCAAGTCTCCGTCCTTCCCACTCCATCGCTTAGCTGCTGGTTCATGCACCACCCAGCCCTGCCCCATGTTGGCAACAATTTGCAAGGTTGACTAGTTAGTTACTCATGCACATAGTGCTTTTGATCTTCCCACTCCCTGTTGACAAATACGTTCAGCAGTAACATGGTAGATATTAGTATGAACTATCACTATCAGGAAAAAAAGTGTTAAAATGCATATCTATTGGCTCAGTAGAAAATACTCCTTAAGGCTTTAGCTGTTGAAAAAATATACTGTTTGACACTTTCTCAAGTCCAAATGCAGTAGCTCATCGTAACCAAAATCTTGGTAAATATAACACCTTC,1,chr7:129098909:esophagus_squamous_epithelium:0,6bd9baf1361cb7a8,snv,256,256,257,256,256,257,chr7,129098909,A,A,T,esophagus_squamous_epithelium,ENC-002,TF-ChIP-seq_CTCF,0.0689655172414,29.0,dev,0.2728139,0,FN,FN,3
AATGATCAAAATAGATAAGTTTATGGAAAACCCTGGAAACAATTGTTACTTTTCCTACCAAGTGCAACACAGAGACATTATGTTCCACATTTGCTAAATAAAATAAAAGTCAACACTTTGAACGTTGCTATTAAAAGCTGCGCATTGGCTCGCTGGCCCTCTCCCCATGTCTTTCTGGGGCTGACTGTCCTATTTGTCCTTCACCAGTAGGCGGCTCAAGCCTGCCCCAGAATCCGGGAACCTGGCCCTATGCAAGAGCTCTCTTCACCTGACCTGTCTCCGGTCACAATCTGACAGTTTAATGTCTGAGTCACTCAGTTTTCTTTCCTCTCTGGCAAGGACATGCTGGGTTTATTACACGGTGCTATTGTTCCTGTTTTATGCCTGTAAAGCCCATCCCACTGCACCAGGGAATAAATCATCCCCTTGTCGTTGGCCCGAACGAATTATAACTGCTCTCTGGGGCCCAGGGCAGACCCCTGCTGAGGTCCAGCTCTCCAAGAAAAGAAGCGC,AATGATCAAAATAGATAAGTTTATGGAAAACCCTGGAAACAATTGTTACTTTTCCTACCAAGTGCAACACAGAGACATTATGTTCCACATTTGCTAAATAAAATAAAAGTCAACACTTTGAACGTTGCTATTAAAAGCTGCGCATTGGCTCGCTGGCCCTCTCCCCATGTCTTTCTGGGGCTGACTGTCCTATTTGTCCTTCACCAGTAGGCGGCTCAAGCCTGCCCCAGAATCCGGGAACCTGGCCCTATGCAAGGGCTCTCTTCACCTGACCTGTCTCCGGTCACAATCTGACAGTTTAATGTCTGAGTCACTCAGTTTTCTTTCCTCTCTGGCAAGGACATGCTGGGTTTATTACACGGTGCTATTGTTCCTGTTTTATGCCTGTAAAGCCCATCCCACTGCACCAGGGAATAAATCATCCCCTTGTCGTTGGCCCGAACGAATTATAACTGCTCTCTGGGGCCCAGGGCAGACCCCTGCTGAGGTCCAGCTCTCCAAGAAAAGAAGCGC,1,chr11:13873413:breast_epithelium:0,1029e5e8bd0a0702,snv,256,256,257,256,256,257,chr11,13873413,A,A,G,breast_epithelium,ENC-002,TF-ChIP-seq_CTCF,0.7567567567569999,37.0,dev,0.2809608,0,FN,FN,4
CCTTCATCCTGCTCTATTTGCTATGCCTGTAGTCAGGCCTTGGTCATGTGACCACTCTTCAAGTCCTTCTGAGACAGGGCCCCTTTCAGGGATGTGAGCCCTGTGGCTGAGACCTTGCAACATTTCAACAGATCTCTGACAGTAAATGCCTCCCAGCATTACCTCTCTGAACATTCCTTGCTCCTAATGCACAGTGAGCTACACCCTCTAGTGGGCAAACCACATGCAGTACATTGAACTTTGGAAGAGTAACATCCTCTGTCTACTACCAACCACCTCCAGTAATGATCAGGCTCCCCAGATTTCACAAGAAAAAAAAAGCAGGGGATAGGGGGAAGAGGGGAACGGGAGATTTTATGGCTCTTCTGCCTGACAACTCCAGGTGAATCTGAATTTAGTAACAGCTGGATTCAGGGTCTCCAAAACTTCTGCTGGAAATTTCTTTCTCCAGCTCTTGGATCCATCCATTCTTTCTCCAGTGTGGTTTTTATTCATAGGCAGGCTTTCCCCACC,CCTTCATCCTGCTCTATTTGCTATGCCTGTAGTCAGGCCTTGGTCATGTGACCACTCTTCAAGTCCTTCTGAGACAGGGCCCCTTTCAGGGATGTGAGCCCTGTGGCTGAGACCTTGCAACATTTCAACAGATCTCTGACAGTAAATGCCTCCCAGCATTACCTCTCTGAACATTCCTTGCTCCTAATGCACAGTGAGCTACACCCTCTAGTGGGCAAACCACATGCAGTACATTGAACTTTGGAAGAGTAACATCTTCTGTCTACTACCAACCACCTCCAGTAATGATCAGGCTCCCCAGATTTCACAAGAAAAAAAAAGCAGGGGATAGGGGGAAGAGGGGAACGGGAGATTTTATGGCTCTTCTGCCTGACAACTCCAGGTGAATCTGAATTTAGTAACAGCTGGATTCAGGGTCTCCAAAACTTCTGCTGGAAATTTCTTTCTCCAGCTCTTGGATCCATCCATTCTTTCTCCAGTGTGGTTTTTATTCATAGGCAGGCTTTCCCCACC,1,chr5:148374990:thyroid_gland:1,dac5e216d9717e74,snv,256,256,257,256,256,257,chr5,148374990,C,T,C,thyroid_gland,ENC-002,TF-ChIP-seq_CTCF,0.337662337662,77.0,dev,0.281474,0,FN,FN,5
TTTCCACGACAAGGTTAAAAGAATGTATATGACCCCAGTATTCTGGGTGGAGCTAAGGGTCAGATGGAGTAAGTCACTTTCTCAAGGTCAAGTCGGCAGAAACTGAAGGAGCAAGGATTCCAACCCAGCAATGCGGGACTCCCAGCTCTGTGCTCTTTCTACTTCCCAGGAAACGGAGCCTAAGTTAGCAACAACAAACCGAAGTCGAGGACTGAGGACATATGCAACCCCCGGTTTGGGTGCAACCTTTATCAATATCCTAAACTGACAGATGACGTAGAGGCAGCCGTTTCGCTGACTAGGGAAGGTAGCCCAAGAAAGCTAAGATGCTAGAATCCAAATTTAAGGTCTACGAGACGCTGCAGAAAACATTTACAGTCACTAGAGGGCTCTCTCTCCCTTAAGCAAAAAGCGCAGCACCGCCCGCGCGCGGTAGTCTCGGAACCCCGCCGCCGGGAGGCCGCTGGCAGCTCCACGCCACCTCCCTGAAGCCCAGTCCATTTTGCCTACATC,TTTCCACGACAAGGTTAAAAGAATGTATATGACCCCAGTATTCTGGGTGGAGCTAAGGGTCAGATGGAGTAAGTCACTTTCTCAAGGTCAAGTCGGCAGAAACTGAAGGAGCAAGGATTCCAACCCAGCAATGCGGGACTCCCAGCTCTGTGCTCTTTCTACTTCCCAGGAAACGGAGCCTAAGTTAGCAACAACAAACCGAAGTCGAGGACTGAGGACATATGCAACCCCCGGTTTGGGTGCAACCTTTATCAATGTCCTAAACTGACAGATGACGTAGAGGCAGCCGTTTCGCTGACTAGGGAAGGTAGCCCAAGAAAGCTAAGATGCTAGAATCCAAATTTAAGGTCTACGAGACGCTGCAGAAAACATTTACAGTCACTAGAGGGCTCTCTCTCCCTTAAGCAAAAAGCGCAGCACCGCCCGCGCGCGGTAGTCTCGGAACCCCGCCGCCGGGAGGCCGCTGGCAGCTCCACGCCACCTCCCTGAAGCCCAGTCCATTTTGCCTACATC,1,chr2:26846342:esophagus_muscularis_mucosa:0,c72497e0d2cc8e55,snv,256,256,257,256,256,257,chr2,26846342,A,G,A,esophagus_muscularis_mucosa,ENC-002,TF-ChIP-seq_CTCF,0.6625,80.0,dev,0.31197506,0,FN,FN,6
CGGGCTAAATTCTTCAATCTTTAAAGTGAGGATAATAATAGTAGCTACCTATAGGCTTGCTCAAAGTTAAATGAGTTAATATTTATAAAGACGCTTACCACAGGGCCAGGCACTGTGCCAGAGATAAAAAGATGAATGAGAAATAGCCCCAGCCTCAATGCACTTCATTGTGGGATTTTCTCCATATTGGAAGGAGGGATTCACAAAATGCTTGTTTCCTCTCAGGCCTTCCTCTTCGTAATCCTACACCTACCTAGTAGAAGGACTGTCAGAGAAATGAGCCCAGGGCGTCCCCCGGTGGCGCAGCGCCGCCTTCGGTCTAAGCACTTGGGGCAGGGGGGAAGGGGGGGAGGGGGGAGCCTCTTGGCTTCGCACTACAATTCCCACCAAGCATCTGTCCCTCTCTGGCCTCTAATAACGAGTGCGCCTTGTGGTCCAGCGTCTGGCAACTTTCACGCCTAGCGTCGCGTATACCGGAAAACTGCATCGTCCAGAATTGCTTCCGAGTCGGCG,CGGGCTAAATTCTTCAATCTTTAAAGTGAGGATAATAATAGTAGCTACCTATAGGCTTGCTCAAAGTTAAATGAGTTAATATTTATAAAGACGCTTACCACAGGGCCAGGCACTGTGCCAGAGATAAAAAGATGAATGAGAAATAGCCCCAGCCTCAATGCACTTCATTGTGGGATTTTCTCCATATTGGAAGGAGGGATTCACAAAATGCTTGTTTCCTCTCAGGCCTTCCTCTTCGTAATCCTACACCTACCTAATAGAAGGACTGTCAGAGAAATGAGCCCAGGGCGTCCCCCGGTGGCGCAGCGCCGCCTTCGGTCTAAGCACTTGGGGCAGGGGGGAAGGGGGGGAGGGGGGAGCCTCTTGGCTTCGCACTACAATTCCCACCAAGCATCTGTCCCTCTCTGGCCTCTAATAACGAGTGCGCCTTGTGGTCCAGCGTCTGGCAACTTTCACGCCTAGCGTCGCGTATACCGGAAAACTGCATCGTCCAGAATTGCTTCCGAGTCGGCG,1,chr12:56041627:spleen:0,8f0fe5d15cb7f26a,snv,256,256,257,256,256,257,chr12,56041627,G,A,G,spleen,ENC-002,TF-ChIP-seq_CTCF,0.761904761905,42.0,dev,0.31291002,0,FN,FN,7
ACTCGGGAGGCTGAGGCAGGAGAATGGCGTGAACCCGGGAAGCGGAGCTTGCAGTGAGCCGAGATTGCGCCACTGCAGTCCGCAGTCCGGCCTGGGCGACAGAGCGAGACTCCGTCTCAAAAAAAAAAAAAAGACAGATACCTGACTCCAGGAGCCATCACTTTACAACCTGAGATTACAGCTCCAAGATTGCCTTTGCAAGGCTCCACCTGCTGGTCTTTGGAGGTAATGGCAGGCCCTGCCTAGAAGGGCCAAGATTCTGGTCCTACCTGTGGAGTCTGGCTCACTGTCAGAAAGTTGGGGCACTTATACCTGAGTCCCTCTATCTTGGGGGCGGGGTCGTGGCATCTCTCAGGCACACCTGGATTCCGGCCTCAAGAACTTCCAGAATTGGGCTCCTCTCAACTCCCAACTCAGATCCCTGGGTTCCCACCTGTTGGTGCCCTTTCAGAGGGGGTGTGAGTTTTCGAGTTTCTTGTACTCTTCGCCTGACCTGGTACACTTGTTTGCATT,ACTCGGGAGGCTGAGGCAGGAGAATGGCGTGAACCCGGGAAGCGGAGCTTGCAGTGAGCCGAGATTGCGCCACTGCAGTCCGCAGTCCGGCCTGGGCGACAGAGCGAGACTCCGTCTCAAAAAAAAAAAAAAGACAGATACCTGACTCCAGGAGCCATCACTTTACAACCTGAGATTACAGCTCCAAGATTGCCTTTGCAAGGCTCCACCTGCTGGTCTTTGGAGGTAATGGCAGGCCCTGCCTAGAAGGGCCAAGGTTCTGGTCCTACCTGTGGAGTCTGGCTCACTGTCAGAAAGTTGGGGCACTTATACCTGAGTCCCTCTATCTTGGGGGCGGGGTCGTGGCATCTCTCAGGCACACCTGGATTCCGGCCTCAAGAACTTCCAGAATTGGGCTCCTCTCAACTCCCAACTCAGATCCCTGGGTTCCCACCTGTTGGTGCCCTTTCAGAGGGGGTGTGAGTTTTCGAGTTTCTTGTACTCTTCGCCTGACCTGGTACACTTGTTTGCATT,1,chr16:15822062:body_of_pancreas:0,28f2e1bb8b1fceba,snv,256,256,257,256,256,257,chr16,15822062,A,A,G,body_of_pancreas,ENC-002,TF-ChIP-seq_CTCF,0.603448275862,174.0,dev,0.35026538,0,FN,FN,9
GTAAGGCGAACCGTGTTAGATGCAAAACAAATACTAGAAGAAAAAAATAAGGGTGGGGTAGGGTGAGATGCGGTCATCTGACCACAGGGTAACCTGGCTGGTTAAAGGGAAGAGTTTTTCATTGCCCTCTACTTTTCGTAATTTTGTAGGATTGTCCGGTGCCCGCTAGAGGTCGCCAAACGGAGTCCTTTTGCGCTGGTTCTTAAGTGGATTCCTAGTGAAAAGGCAGACAACTGAAAATGTGAGTGCTGTCTTTTAAGTAAAATCACTCTCGGTGGCTTCTTAAAGAATGAAAATCTCTGTGAGTTGTTTATCCCCAGACTTGGATAATTTATCTTAAGAGCACTAAATGTGATTAAAAGCTCAAAAACAGGAGTTATTTGCTACTTTAGTATCTACTAAATAGTTTGCTATTCAGTATCTATTTTGCTATTTAGTGTCTACTGGGTAGATACTGCTACTTTGCTGTTTAGTATCTACTAAGTAGATATTAAACAAGAAAAATATCTGTAA,GTAAGGCGAACCGTGTTAGATGCAAAACAAATACTAGAAGAAAAAAATAAGGGTGGGGTAGGGTGAGATGCGGTCATCTGACCACAGGGTAACCTGGCTGGTTAAAGGGAAGAGTTTTTCATTGCCCTCTACTTTTCGTAATTTTGTAGGATTGTCCGGTGCCCGCTAGAGGTCGCCAAACGGAGTCCTTTTGCGCTGGTTCTTAAGTGGATTCCTAGTGAAAAGGCAGACAACTGAAAATGTGAGTGCTGTCTTTAAAGTAAAATCACTCTCGGTGGCTTCTTAAAGAATGAAAATCTCTGTGAGTTGTTTATCCCCAGACTTGGATAATTTATCTTAAGAGCACTAAATGTGATTAAAAGCTCAAAAACAGGAGTTATTTGCTACTTTAGTATCTACTAAATAGTTTGCTATTCAGTATCTATTTTGCTATTTAGTGTCTACTGGGTAGATACTGCTACTTTGCTGTTTAGTATCTACTAAGTAGATATTAAACAAGAAAAATATCTGTAA,1,chr2:42495269:body_of_pancreas:1,d07e873aa5761970,snv,256,256,257,256,256,257,chr2,42495269,T,A,T,body_of_pancreas,ENC-002,TF-ChIP-seq_CTCF,0.239130434783,46.0,dev,0.37321565,0,FN,FN,11
AGGAGATCGAGACCATCCTGGCTAACAAGGTGAAACCCCGTCTCTACTAAAAATACAAAAAATTAGCCGGGCGCGGTGGCGGGCGCCTGTAGTCCCAGCTACTCGGGAGGCTGAGGCAGGAGAATGGCGTGAACCCGGGAAGCGGAGCTTGCAGTGAGCCGAGATTGCGCCACTGCAGTCCGCAGTCCGGCCTGGGCGACAGAGCGAGACTCCGTCTCAAAAAAAAAAAAAAGACAGATACCTGACTCCAGGAGCCATCACTTTACAACCTGAGATTACAGCTCCAAGATTGCCTTTGCAAGGCTCCACCTGCTGGTCTTTGGAGGTAATGGCAGGCCCTGCCTAGAAGGGCCAAGATTCTGGTCCTACCTGTGGAGTCTGGCTCACTGTCAGAAAGTTGGGGCACTTATACCTGAGTCCCTCTATCTTGGGGGCGGGGTCGTGGCATCTCTCAGGCACACCTGGATTCCGGCCTCAAGAACTTCCAGAATTGGGCTCCTCTCAACTCCCAAC,AGGAGATCGAGACCATCCTGGCTAACAAGGTGAAACCCCGTCTCTACTAAAAATACAAAAAATTAGCCGGGCGCGGTGGCGGGCGCCTGTAGTCCCAGCTACTCGGGAGGCTGAGGCAGGAGAATGGCGTGAACCCGGGAAGCGGAGCTTGCAGTGAGCCGAGATTGCGCCACTGCAGTCCGCAGTCCGGCCTGGGCGACAGAGCGAGACTCCGTCTCAAAAAAAAAAAAAAGACAGATACCTGACTCCAGGAGCCGTCACTTTACAACCTGAGATTACAGCTCCAAGATTGCCTTTGCAAGGCTCCACCTGCTGGTCTTTGGAGGTAATGGCAGGCCCTGCCTAGAAGGGCCAAGATTCTGGTCCTACCTGTGGAGTCTGGCTCACTGTCAGAAAGTTGGGGCACTTATACCTGAGTCCCTCTATCTTGGGGGCGGGGTCGTGGCATCTCTCAGGCACACCTGGATTCCGGCCTCAAGAACTTCCAGAATTGGGCTCCTCTCAACTCCCAAC,1,chr16:15821962:tibial_nerve:0,e902ee5510af34e9,snv,256,256,257,256,256,257,chr16,15821962,A,A,G,tibial_nerve,ENC-002,TF-ChIP-seq_CTCF,0.793103448276,29.0,dev,0.37775895,0,FN,FN,12
CAGAAGTTCACCAAAGACTGTCCTCAGTGGGAAATACATCCTGGGGAAGACAGGCAGCATGGAGCGGGCCACAGACAGCCATCTGAACTAGGGGAAGCATCTAGAGCCAGGGGAGTGTGAGCCACCTGGGAGGCAGAAGGGCAGGGCGGGAAGAGGAGATGACCCCCATGAAAAGCAAAAGGAACTGATGAGGAGTCCAAGAAGAAAGGAAGGAAAGCCACGTGAGAGGGAATGGAAACCTGGGTGTAATGAGACCGGAAAACAGAATGGACAGATAGGGGGCAGCACCTAAGATTCCTTGTGCCTGAGGGTGAGGGTTCTTGCTGAGACGTGGGGAAGTTCCTGGCCCCCTCCCAACTGTGACGCCAGGCCTGCTGGCACCAGTATGGAACCTCCCACAGCTCTGGGCCACAGTGGCTTCTTACATTGATGAGCAGGAAGCTGTGCGCTGAGCATCCTTCTGATTAACTTCTCTCTTTTCTAGAACTGCGTAACATGTCAGGTTAAGCTCTG,CAGAAGTTCACCAAAGACTGTCCTCAGTGGGAAATACATCCTGGGGAAGACAGGCAGCATGGAGCGGGCCACAGACAGCCATCTGAACTAGGGGAAGCATCTAGAGCCAGGGGAGTGTGAGCCACCTGGGAGGCAGAAGGGCAGGGCGGGAAGAGGAGATGACCCCCATGAAAAGCAAAAGGAACTGATGAGGAGTCCAAGAAGAAAGGAAGGAAAGCCACGTGAGAGGGAATGGAAACCTGGGTGTAATGAGACCTGAAAACAGAATGGACAGATAGGGGGCAGCACCTAAGATTCCTTGTGCCTGAGGGTGAGGGTTCTTGCTGAGACGTGGGGAAGTTCCTGGCCCCCTCCCAACTGTGACGCCAGGCCTGCTGGCACCAGTATGGAACCTCCCACAGCTCTGGGCCACAGTGGCTTCTTACATTGATGAGCAGGAAGCTGTGCGCTGAGCATCCTTCTGATTAACTTCTCTCTTTTCTAGAACTGCGTAACATGTCAGGTTAAGCTCTG,1,chr14:90785623:body_of_pancreas:0,537f2ca2bd1140df,snv,256,256,257,256,256,257,chr14,90785623,G,G,T,body_of_pancreas,ENC-002,TF-ChIP-seq_CTCF,0.8095238095239999,21.0,dev,0.3792407,0,FN,FN,13
TCCCCTCTTATCTTTTTTTTGCCACACGTATCATTCTTTTAAGAAACATACACAACCCAGGGAGAAAGCCCGGCGCCTGCCCGGGAGCCCAGCCGCAGCCTCTGCGTCCCGCCCCTCCTCCCCAACGCGCGCCGGCAGGGGGCGCGGCGGGCTCGCCACGGAGAGCGGGAGCTGGGGCCGCGCAGGGCGGGAGTCCTGCCCCTGGGTGGGGGGGACATGGGGCTGGGACTGCGGGCCGGGTAGACCACCAGGTGGGGAAAGTCAAGCCTTCTGGAACCTTCCAGCCCCGCGAAGCCTCCCCGATCCCCTCTGGCTGTGCTTTCCCCTGAGACAAATGCTGGCCTTCTCTAACCGTTTGCCTGTTTCGGTTCGTTTTATAATTTATTTTATTTTATTTTAATTAATTAATTTATTTATTTTTGAGATGGAGTCTCTCTCTTTCACCCAGGTTGGAGTGCAGTGGTGCAATCTTAACTCACTGCAACCTCCGCCTCCCGGGTTCAAGCGATTCTC,TCCCCTCTTATCTTTTTTTTGCCACACGTATCATTCTTTTAAGAAACATACACAACCCAGGGAGAAAGCCCGGCGCCTGCCCGGGAGCCCAGCCGCAGCCTCTGCGTCCCGCCCCTCCTCCCCAACGCGCGCCGGCAGGGGGCGCGGCGGGCTCGCCACGGAGAGCGGGAGCTGGGGCCGCGCAGGGCGGGAGTCCTGCCCCTGGGTGGGGGGGACATGGGGCTGGGACTGCGGGCCGGGTAGACCACCAGGTGGGCAAAGTCAAGCCTTCTGGAACCTTCCAGCCCCGCGAAGCCTCCCCGATCCCCTCTGGCTGTGCTTTCCCCTGAGACAAATGCTGGCCTTCTCTAACCGTTTGCCTGTTTCGGTTCGTTTTATAATTTATTTTATTTTATTTTAATTAATTAATTTATTTATTTTTGAGATGGAGTCTCTCTCTTTCACCCAGGTTGGAGTGCAGTGGTGCAATCTTAACTCACTGCAACCTCCGCCTCCCGGGTTCAAGCGATTCTC,1,chr14:100709997:esophagus_muscularis_mucosa:0,da7227891cbd6779,snv,256,256,257,256,256,257,chr14,100709997,G,G,C,esophagus_muscularis_mucosa,ENC-002,TF-ChIP-seq_CTCF,0.880952380952,42.0,dev,0.38448867,0,FN,FN,14
CTTAATAGCTTGGAGCCAATGATTCTTTCTGGAGCATGCGAAATCTGTCTATGGAGGTCAGTGCAAATGGAAGCATATGAGGAAATATACTCCCATGCCTTAATTTTTATTTTTTCTGGCTGAACATTTGTTCTTGTCTTAGAATCAGGAGAGCTAATATCACAGGAAGTAAAAGCTATTTCCTAGACTGGTGTGTTGCCCAATACCACATCCTGAAGTGCTGAGAAGAGAAAGAACAGCTGGGAAGGTAACAGTGCCAGCTGCTGGAAACCTATTTCCATGATTTTTATGATCCAGATAGGAAATTGGGGATGTAAGAGCTGCATGGAGACTTACTCAATACAGGGACCATATTTTTAAAATATCTCTATAATTTAATCCTTGGTACATTGCCCAGCACACATGAGAGGTGCTCAATAACTGTTACTGAATGTGAATTGATGATTTTATATTCATCAGCCTGACATTTCACTACCTGGAATAGCTAATGTGATTCCAAAAACATGGAATATT,CTTAATAGCTTGGAGCCAATGATTCTTTCTGGAGCATGCGAAATCTGTCTATGGAGGTCAGTGCAAATGGAAGCATATGAGGAAATATACTCCCATGCCTTAATTTTTATTTTTTCTGGCTGAACATTTGTTCTTGTCTTAGAATCAGGAGAGCTAATATCACAGGAAGTAAAAGCTATTTCCTAGACTGGTGTGTTGCCCAATACCACATCCTGAAGTGCTGAGAAGAGAAAGAACAGCTGGGAAGGTAACAGTGACAGCTGCTGGAAACCTATTTCCATGATTTTTATGATCCAGATAGGAAATTGGGGATGTAAGAGCTGCATGGAGACTTACTCAATACAGGGACCATATTTTTAAAATATCTCTATAATTTAATCCTTGGTACATTGCCCAGCACACATGAGAGGTGCTCAATAACTGTTACTGAATGTGAATTGATGATTTTATATTCATCAGCCTGACATTTCACTACCTGGAATAGCTAATGTGATTCCAAAAACATGGAATATT,1,chr13:80631093:spleen:0,a6fb7fef0ff0c3b0,snv,256,256,257,256,256,257,chr13,80631093,C,C,A,spleen,ENC-002,TF-ChIP-seq_CTCF,0.9565217391299998,23.0,dev,0.39017302,0,FN,FN,17
TTTAGTAATTGTGTAATTTAGTGCTCAAAAATAGTTTAGTTCAGGTGTTTTATGCTTAATTTTGGTTACTTTCATCAGTAGAGTAATATATATAATTCCAGTTCCACATTTTTGATCCTCATGACCACTAGAGGGCAGAAGAGAAAAGTACAAGAGGCCCGAGATAGGTCAAATGAGCCTGATGCCATTTTGCAATGTGGGTTTTAAATGGCCTTCCCAACCAGGAATTCTGATTCGTGGTAGACACAGCTATGTCGGTGTGCCAATATGTGTATAGAAAACTCAATCCAGAATTTAAATATTTTTCCTAAATTAGGCCTTAAAATATTATTTTGCATAAAATAAGATGTAAAATAAGCATGTTTATATAAAAATATTCAAATTATTTGACCCAATAACTTCTAGGAGTTTATCCAAAGATAAAGACTGATGTATGTGGATGTTTATCATAGTGTTTTTTTTATCATGATGTATAATTGAAAATTTACCTAAGTAATCAACAATAGGGGATTG,TTTAGTAATTGTGTAATTTAGTGCTCAAAAATAGTTTAGTTCAGGTGTTTTATGCTTAATTTTGGTTACTTTCATCAGTAGAGTAATATATATAATTCCAGTTCCACATTTTTGATCCTCATGACCACTAGAGGGCAGAAGAGAAAAGTACAAGAGGCCCGAGATAGGTCAAATGAGCCTGATGCCATTTTGCAATGTGGGTTTTAAATGGCCTTCCCAACCAGGAATTCTGATTCGTGGTAGACACAGCTATGTCAGTGTGCCAATATGTGTATAGAAAACTCAATCCAGAATTTAAATATTTTTCCTAAATTAGGCCTTAAAATATTATTTTGCATAAAATAAGATGTAAAATAAGCATGTTTATATAAAAATATTCAAATTATTTGACCCAATAACTTCTAGGAGTTTATCCAAAGATAAAGACTGATGTATGTGGATGTTTATCATAGTGTTTTTTTTATCATGATGTATAATTGAAAATTTACCTAAGTAATCAACAATAGGGGATTG,1,chr6:166787011:transverse_colon:0,bdd755990e26f340,snv,256,256,257,256,256,257,chr6,166787011,G,G,A,transverse_colon,ENC-002,TF-ChIP-seq_CTCF,0.736842105263,38.0,dev,0.3951194,0,FN,FN,18
CGAAACCGTTCCTTCCGCTGGGCTGGGCTTTGTTGGTCTTTCGCAATTGGCTCGGGCTGCAGTGCTTGCTAGCTCAGAGATCTGGGAGGGACGAAGTCCAGACCGGAGCAAAGCTTCCTAGTTCTGCTTTGCGCAGCCCCCACGCGGTGTGTGGCCGCGATTGTCTTTTACACCACTTTCTCCCGGTGTCGTGAGCCGGCCTTGGAGGGTTAGTTGCTCACTTGTTTTCCTAAATTGGATAAGTTCCAAGGATAACCGACAGTGTCCACAGGCCAGATGCTTCTTTCATAGTTGAAGGTTGCTTATCACTAGATAGGGGGTGCCGCTGGGCGCGGCGGCTCTCGCCTGTGATCCTGGCACTTTGAGAAGCCCTGGCGGGAGGATCGCTTGACCCCAGGAGTTCGAGATCAGCCTGAACAACATAGGGAGACCCCCGGTCTCTTTTTTTTTTTTTTTAATTAGCCAGGCGTAGTGGCGTGTGCCTGTAGTTCCAGCTACTCGAGAGACTGAGGC,CGAAACCGTTCCTTCCGCTGGGCTGGGCTTTGTTGGTCTTTCGCAATTGGCTCGGGCTGCAGTGCTTGCTAGCTCAGAGATCTGGGAGGGACGAAGTCCAGACCGGAGCAAAGCTTCCTAGTTCTGCTTTGCGCAGCCCCCACGCGGTGTGTGGCCGCGATTGTCTTTTACACCACTTTCTCCCGGTGTCGTGAGCCGGCCTTGGAGGGTTAGTTGCTCACTTGTTTTCCTAAATTGGATAAGTTCCAAGGATAACGGACAGTGTCCACAGGCCAGATGCTTCTTTCATAGTTGAAGGTTGCTTATCACTAGATAGGGGGTGCCGCTGGGCGCGGCGGCTCTCGCCTGTGATCCTGGCACTTTGAGAAGCCCTGGCGGGAGGATCGCTTGACCCCAGGAGTTCGAGATCAGCCTGAACAACATAGGGAGACCCCCGGTCTCTTTTTTTTTTTTTTTAATTAGCCAGGCGTAGTGGCGTGTGCCTGTAGTTCCAGCTACTCGAGAGACTGAGGC,1,chr4:87391467:transverse_colon:0,7bc3b23e1a3cbe0e,snv,256,256,257,256,256,257,chr4,87391467,C,G,C,transverse_colon,ENC-002,TF-ChIP-seq_CTCF,0.826086956522,23.0,dev,0.41093588,0,FN,FN,19
GCACTGTCACTGTAAATGAACAGCCACACCTGGTGACTAGTAGGCCCCCAGGTATCCCCCTGGGCTGGGTTTCAGGGATGGGGCCCTGCCATTCCTTCTGGCACAATCCTAGAGCTGGCCTAGGGTCCACTGAGCTCACTTGCCTCTTTTGGCCCCGATGCAGTGGGCACTTCTCCACCTGCACATGTTCACCTCCAGGAGGCAGGCTGGGAAAGAAGCTTGTTACAAAGAACAAACGTTTCCAGGTAAACACTGTCAGCTGTGATGGCATAAAACAGGTCCCCATGTCTGATCATACGGTTTTTTTTCCCCACACACGTTTTTTCTATTGTACTTTTGGCTTCACGCTTCTCTATTTTCAATGAAGTGAAGAAGAACCTTATTTCAATAAGCTTTTTGAAAAATTAGAATCAGGGGCTGAGTTGAAAGAATAGAATGAAATAGAGCTCTACAATGTATTAATATGGGAAATCTACAAGATACAGTAAGTAATGAAAACAATGACTCGATGTC,GCACTGTCACTGTAAATGAACAGCCACACCTGGTGACTAGTAGGCCCCCAGGTATCCCCCTGGGCTGGGTTTCAGGGATGGGGCCCTGCCATTCCTTCTGGCACAATCCTAGAGCTGGCCTAGGGTCCACTGAGCTCACTTGCCTCTTTTGGCCCCGATGCAGTGGGCACTTCTCCACCTGCACATGTTCACCTCCAGGAGGCAGGCTGGGAAAGAAGCTTGTTACAAAGAACAAACGTTTCCAGGTAAACACTGTTAGCTGTGATGGCATAAAACAGGTCCCCATGTCTGATCATACGGTTTTTTTTCCCCACACACGTTTTTTCTATTGTACTTTTGGCTTCACGCTTCTCTATTTTCAATGAAGTGAAGAAGAACCTTATTTCAATAAGCTTTTTGAAAAATTAGAATCAGGGGCTGAGTTGAAAGAATAGAATGAAATAGAGCTCTACAATGTATTAATATGGGAAATCTACAAGATACAGTAAGTAATGAAAACAATGACTCGATGTC,1,chr12:110704987:body_of_pancreas:0,c998d2ef32ea24b7,snv,256,256,257,256,256,257,chr12,110704987,C,C,T,body_of_pancreas,ENC-002,TF-ChIP-seq_CTCF,0.7272727272730001,44.0,dev,0.41992956,0,FN,FN,20
GCAGGCTTTTCTTTTCCTGGTGGTGCTCCAGCGGCACTCCCCATCCTGAGGGACACAGCACGGCTTGGCGTAAGGAGGGAAGCCAAGAACTCAGCTGACACTTATTTAGCAGTGACTCGGGCTGCCACGTATGCTTTTGGAAAATTTCTGGCTCCCCCTCCTGGAGCATATTTTGGACGCCTACTTGTCATATTGCAAAGTGGAAGTGACAAAACAATCTGGGAGCTCGCTGACAATTATTCCCTTCATGCTGAGACTTGGAATCTCTTGGCTCAGGGTGTGCTGTCAGCCTCAGAAACCCTGGCAATGAAGGCGGCCCGAGGATGAAACCCTGCCTGGAGGGATGGGTCAGAGGCAGGGCAGGGGTGGGGACCTGCACTAAGCCAGATGGACCTTTTCCCTTTGGGTCCTAGCCCAGGCATTTCAGTTTTCCCTCCGTAGAATGCAGGCGGCTTTCCAATCTTGGTGGAACAAAAAAAAAAAAAAAAAAATAAAAAAGCAACAGATAACAGT,GCAGGCTTTTCTTTTCCTGGTGGTGCTCCAGCGGCACTCCCCATCCTGAGGGACACAGCACGGCTTGGCGTAAGGAGGGAAGCCAAGAACTCAGCTGACACTTATTTAGCAGTGACTCGGGCTGCCACGTATGCTTTTGGAAAATTTCTGGCTCCCCCTCCTGGAGCATATTTTGGACGCCTACTTGTCATATTGCAAAGTGGAAGTGACAAAACAATCTGGGAGCTCGCTGACAATTATTCCCTTCATGCTGAGATTTGGAATCTCTTGGCTCAGGGTGTGCTGTCAGCCTCAGAAACCCTGGCAATGAAGGCGGCCCGAGGATGAAACCCTGCCTGGAGGGATGGGTCAGAGGCAGGGCAGGGGTGGGGACCTGCACTAAGCCAGATGGACCTTTTCCCTTTGGGTCCTAGCCCAGGCATTTCAGTTTTCCCTCCGTAGAATGCAGGCGGCTTTCCAATCTTGGTGGAACAAAAAAAAAAAAAAAAAAATAAAAAAGCAACAGATAACAGT,1,chr8:130651333:esophagus_squamous_epithelium:0,c5ff0ed2db2e1e01,snv,256,256,257,256,256,257,chr8,130651333,C,C,T,esophagus_squamous_epithelium,ENC-002,TF-ChIP-seq_CTCF,0.75,40.0,dev,0.4225073,0,FN,FN,21
CAATCTCCTTTACAGTTTCGGAAGCAGGTTTGTTGCCATGGAGTTCACATTTTGACGGGAGTTGAGAAGTATAAAGGTAACCATTTGTTTTAGTTTCAACGATCTGACAAAAAGATAGGCTGTTGCTCTTCTTCTGGAAAAGCCTGATTGGTAAGATTCCTTTAAGGGCTCAGCCCCAAAGAGCTTTATCCCATCCCCTCGCAGACTGAAAACTAAAGCCTGCAGAGACCTCTGAAGGAAAACCTGTCCCGGGCTCTGTCACTTCACACCCATGGCTAACCCTGGAGGTGGTGCTGTTTGCAACGGGAAACTTCACAATCACAAGAAACAGAGCAATGGCTCACAAAGCAGAAACTGCACAAAGAATGGAATAGTGAAGGAAGCCCAGGTAAGAGGCACTCTCCCCTACTCTTCTCTGAATTACCTGAACGTTTCAATATTTCTCTGTGAAGATATTTGAGGCTGTCCTAACTTAGAGTTCATCTTATGAAGGGTTTTTACATGTTTTGACTG,CAATCTCCTTTACAGTTTCGGAAGCAGGTTTGTTGCCATGGAGTTCACATTTTGACGGGAGTTGAGAAGTATAAAGGTAACCATTTGTTTTAGTTTCAACGATCTGACAAAAAGATAGGCTGTTGCTCTTCTTCTGGAAAAGCCTGATTGGTAAGATTCCTTTAAGGGCTCAGCCCCAAAGAGCTTTATCCCATCCCCTCGCAGACTGAAAACTAAAGCCTGCAGAGACCTCTGAAGGAAAACCTGTCCCGGGCTCCGTCACTTCACACCCATGGCTAACCCTGGAGGTGGTGCTGTTTGCAACGGGAAACTTCACAATCACAAGAAACAGAGCAATGGCTCACAAAGCAGAAACTGCACAAAGAATGGAATAGTGAAGGAAGCCCAGGTAAGAGGCACTCTCCCCTACTCTTCTCTGAATTACCTGAACGTTTCAATATTTCTCTGTGAAGATATTTGAGGCTGTCCTAACTTAGAGTTCATCTTATGAAGGGTTTTTACATGTTTTGACTG,1,chr20:13009252:esophagus_muscularis_mucosa:0,e521649c9de36c7f,snv,256,256,257,256,256,257,chr20,13009252,T,T,C,esophagus_muscularis_mucosa,ENC-002,TF-ChIP-seq_CTCF,0.2083333333329999,24.0,dev,0.43076685,0,FN,FN,22
AAACAGAGTGTGTGGGGTGGCAGGTGACAGGGAAGGAGGCCGGAAGCTGGACCAGGGCATCCGGGCCCAACAGGTCTTATGGGTCCTGGGCAATAATGGGAAATTGGTGAAGTGTGTGAGGCTGGGGGCGATGACTTGTGAATCTAGAGGCTCCAGCACGAGGGGAGAGCTGTCCAAAGATTTGCCAAACTCGGGCAGAACGGTGCAAGAGTGAGCATGTGAGTTCTGTCTTTTTTTTCTCATGAACCAAGGTTTCTAAGAAGGGCACAGAGCAGTGAGCAATAAAGCTAGGAGTGACTAAGGGTGATCCAAGTAGGAGCTGCCAGCGCCAGGTGCCAGGGCTACAGTTTCTAGCTTTGGAGCCAACTTTCCTGAGCACACATCTCCCTCTTGTGGCCGAGAGCGGTATTGCCACTGAAGAGATAGTGCTGGGGACCCCCTCCAGACTCTCATTCTGAAAACCCCAAGATATAGGCCAGGGGCCGAATCTACCTTGTGGACCCCATGAGATTT,AAACAGAGTGTGTGGGGTGGCAGGTGACAGGGAAGGAGGCCGGAAGCTGGACCAGGGCATCCGGGCCCAACAGGTCTTATGGGTCCTGGGCAATAATGGGAAATTGGTGAAGTGTGTGAGGCTGGGGGCGATGACTTGTGAATCTAGAGGCTCCAGCACGAGGGGAGAGCTGTCCAAAGATTTGCCAAACTCGGGCAGAACGGTGCAAGAGTGAGCATGTGAGTTCTGTCTTTTTTTTCTCATGAACCAAGGTTTCCAAGAAGGGCACAGAGCAGTGAGCAATAAAGCTAGGAGTGACTAAGGGTGATCCAAGTAGGAGCTGCCAGCGCCAGGTGCCAGGGCTACAGTTTCTAGCTTTGGAGCCAACTTTCCTGAGCACACATCTCCCTCTTGTGGCCGAGAGCGGTATTGCCACTGAAGAGATAGTGCTGGGGACCCCCTCCAGACTCTCATTCTGAAAACCCCAAGATATAGGCCAGGGGCCGAATCTACCTTGTGGACCCCATGAGATTT,1,chr7:63015696:spleen:0,655c21b9fdecfcc3,snv,256,256,257,256,256,257,chr7,63015696,T,C,T,spleen,ENC-002,TF-ChIP-seq_CTCF,0.777777777778,36.0,dev,0.43212825,0,FN,FN,23
CAGGCATGAACCACTGCCCTTGGACAAGGCAGGGTTTTAACAAACTTAATCTATCAGCAAAACAGATGACTGTTCAAGTTTCAAGAAACTGAAGAAGAAAGCACCTACTGGCTGTCCATGCAGTCATGTGTACAGGAGGATGAGGACTTTGAGACGAGAGGCGGTAGACAAGGGGGCCTCAGGGCAGCTCACTGCTAGTCATCTCCTTACCGCCTCCACTGCCAGCCACAGGACCCACAGATGCTCCACAGTCAGCCCAAATTGTCCAAGGCCAAGGTATCTATGTCCATCCATCAGAATTGCAACCAATGCAAGCACAGACTATGTCCAGACAGACATCCCATCCAACTGGAGACAAATTGTCTTGGCCACCTTGTGGTTGCCACCATGCCTCTCATCCCTGGTCCCTGTTAAGCACCATCTCAAAACAGAAGCTTCTCTACCCGGCTAGTCTTTACATAATCTCATCTCTACGTGACCAATTTATTTCCCGTGGCCCAAGCTCTCTTTGCT,CAGGCATGAACCACTGCCCTTGGACAAGGCAGGGTTTTAACAAACTTAATCTATCAGCAAAACAGATGACTGTTCAAGTTTCAAGAAACTGAAGAAGAAAGCACCTACTGGCTGTCCATGCAGTCATGTGTACAGGAGGATGAGGACTTTGAGACGAGAGGCGGTAGACAAGGGGGCCTCAGGGCAGCTCACTGCTAGTCATCTCCTTACCGCCTCCACTGCCAGCCACAGGACCCACAGATGCTCCACAGTCAGCACAAATTGTCCAAGGCCAAGGTATCTATGTCCATCCATCAGAATTGCAACCAATGCAAGCACAGACTATGTCCAGACAGACATCCCATCCAACTGGAGACAAATTGTCTTGGCCACCTTGTGGTTGCCACCATGCCTCTCATCCCTGGTCCCTGTTAAGCACCATCTCAAAACAGAAGCTTCTCTACCCGGCTAGTCTTTACATAATCTCATCTCTACGTGACCAATTTATTTCCCGTGGCCCAAGCTCTCTTTGCT,1,chr16:74362386:spleen:0,bd08836bc901c6b7,snv,256,256,257,256,256,257,chr16,74362386,C,A,C,spleen,ENC-002,TF-ChIP-seq_CTCF,0.807692307692,26.0,dev,0.43416077,0,FN,FN,26
TGCTGAATTAAAGAATATATCTGCATATCCAAAATGGGCACAAGACCCTAAAGCAAGGAGTTTTCAGGAAAAGAAGTCAGCCTTGTATTTTTAGTGCAAAGAACAAGGATCATGACAGTTTTATCCTACCAGGGGAAAAAAGAATCAGGTATGCTCATTTTTAAAAGTTGCAAATTTCGCTTGGCTCCACTGGGTGTCACTGCTAACTCGTCTTTCCTGTTTGAGCATAGGTGTAAGGATTGCAGGACATTAGAAGGGGGATTTTCAAACCTCAGTATTTATCAGAATCACCTGGAGGACTAAAATGGATTATTGCCCCAGAGATTCTGATTCTGTAGGTCTAGGGTGGGGCTCTATAATTTGCATTTCAATCAAGTTCCCAGGTGAAGCTGATGTTGTTGGTTCAGGGATCAACATTTAGAGAAGCACTGCATTAGAGAAATCTAACCATAACTGGGGTCAGGTTCTTCACAGGTCTTCTATAGCAATGCTTCTTGCATTTTGACATGCTTA,TGCTGAATTAAAGAATATATCTGCATATCCAAAATGGGCACAAGACCCTAAAGCAAGGAGTTTTCAGGAAAAGAAGTCAGCCTTGTATTTTTAGTGCAAAGAACAAGGATCATGACAGTTTTATCCTACCAGGGGAAAAAAGAATCAGGTATGCTCATTTTTAAAAGTTGCAAATTTCGCTTGGCTCCACTGGGTGTCACTGCTAACTCGTCTTTCCTGTTTGAGCATAGGTGTAAGGATTGCAGGACATTAGAAGAGGGATTTTCAAACCTCAGTATTTATCAGAATCACCTGGAGGACTAAAATGGATTATTGCCCCAGAGATTCTGATTCTGTAGGTCTAGGGTGGGGCTCTATAATTTGCATTTCAATCAAGTTCCCAGGTGAAGCTGATGTTGTTGGTTCAGGGATCAACATTTAGAGAAGCACTGCATTAGAGAAATCTAACCATAACTGGGGTCAGGTTCTTCACAGGTCTTCTATAGCAATGCTTCTTGCATTTTGACATGCTTA,1,chr1:163361376:esophagus_muscularis_mucosa:0,22d359b3f159cf42,snv,256,256,257,256,256,257,chr1,163361376,G,G,A,esophagus_muscularis_mucosa,ENC-002,TF-ChIP-seq_CTCF,0.285714285714,42.0,dev,0.43714678,0,FN,FN,27
ACTGGCACGAGTCACCGCGCCTGGCCTCTTCCCTGGCTCTCTCTGCTGGGTCATCAAGGGCTGGCTGTGTCCCTTGGCCATAGGTCGCAGCTCCTGTTAAGTATCTCTCTCTCTTTGTCTGGCTTCCTGTAACCGCTCTGGCCGCGCTCCTTCAGCCCTGCAGGTGAAAACAGTTCCCTCCCTGCTGTTACCTGTCCCAATTCAGCACCGCCCTGTGGCTTCCCGGCTCCCGGACCGCGCCTCTGCCAGCGGGAACCCTGCTGGACTCTTAATTAATTGTCCCACTGAGAATGCCATTGGTTTCCTCCTGGGATCCAAACTAATCACACAAGACTAGATGATGGAGAGCTGCCAAGAAACCATGGGGCGGTGGCGGGGACGGAGGGGAAGCGTTTTGAGCCCATCAAGGCAGGTGACAGGAAAGAAGCAAACCCGAGAGGGGCCGAGTCCCTGGGCGGGCGGCAGGGCTGGAGCGTGAACAGCAGCGACGGATGCGTCTCGAGGGAAAAACGC,ACTGGCACGAGTCACCGCGCCTGGCCTCTTCCCTGGCTCTCTCTGCTGGGTCATCAAGGGCTGGCTGTGTCCCTTGGCCATAGGTCGCAGCTCCTGTTAAGTATCTCTCTCTCTTTGTCTGGCTTCCTGTAACCGCTCTGGCCGCGCTCCTTCAGCCCTGCAGGTGAAAACAGTTCCCTCCCTGCTGTTACCTGTCCCAATTCAGCACCGCCCTGTGGCTTCCCGGCTCCCGGACCGCGCCTCTGCCAGCGGGAACGCTGCTGGACTCTTAATTAATTGTCCCACTGAGAATGCCATTGGTTTCCTCCTGGGATCCAAACTAATCACACAAGACTAGATGATGGAGAGCTGCCAAGAAACCATGGGGCGGTGGCGGGGACGGAGGGGAAGCGTTTTGAGCCCATCAAGGCAGGTGACAGGAAAGAAGCAAACCCGAGAGGGGCCGAGTCCCTGGGCGGGCGGCAGGGCTGGAGCGTGAACAGCAGCGACGGATGCGTCTCGAGGGAAAAACGC,1,chr4:3291876:body_of_pancreas:0,17421e0b4143c638,snv,256,256,257,256,256,257,chr4,3291876,C,G,C,body_of_pancreas,ENC-002,TF-ChIP-seq_CTCF,0.807692307692,26.0,dev,0.44229123,0,FN,FN,28
CATGTTGTAACAGATTTGCCTCTTCCATGCTCTCGAAACGGTAACTCTCAACTCTGGCTGCCTATGACATCACCCAGGGAGATTTTTTAAATTCTCATACCCAGGCTACATACCAGATCTGTGAGATCACAGTCAGTCTCTGGGAGGTGGATCCAGGCATCTGGATTTTTGTAAAGCTCCCCAGGTGGTTCTGATGGGTGTGGCCAAGGTCAGAAGCACTGCCAAGCCTGGAGGCAGATTTGTGGCCCACCTGTAGCCTGTGTATGGCATTTTCTAAATACGGTTTCATGTAGGCAACATTCCCTCCTCCGTTTCCTGCTCCTACACTTGTGATTCTCTCTCCTACTTTTGATTTATGGTGTCTTAATGTATCCTTTTAAGTCCCCTGCAATCCTTTCTGGAACTTAGCAAAGTGAAAACAAATAGAGTAGAAAGGTTCCTGCTTTTCTCTGGCTGGGATCTGGGCACAGCTCCCACCCCAGTCAGCCCTCGCTGGAAAGAGGGTAGGAGCCT,CATGTTGTAACAGATTTGCCTCTTCCATGCTCTCGAAACGGTAACTCTCAACTCTGGCTGCCTATGACATCACCCAGGGAGATTTTTTAAATTCTCATACCCAGGCTACATACCAGATCTGTGAGATCACAGTCAGTCTCTGGGAGGTGGATCCAGGCATCTGGATTTTTGTAAAGCTCCCCAGGTGGTTCTGATGGGTGTGGCCAAGGTCAGAAGCACTGCCAAGCCTGGAGGCAGATTTGTGGCCCACCTGTAGGCTGTGTATGGCATTTTCTAAATACGGTTTCATGTAGGCAACATTCCCTCCTCCGTTTCCTGCTCCTACACTTGTGATTCTCTCTCCTACTTTTGATTTATGGTGTCTTAATGTATCCTTTTAAGTCCCCTGCAATCCTTTCTGGAACTTAGCAAAGTGAAAACAAATAGAGTAGAAAGGTTCCTGCTTTTCTCTGGCTGGGATCTGGGCACAGCTCCCACCCCAGTCAGCCCTCGCTGGAAAGAGGGTAGGAGCCT,1,chr2:23481261:body_of_pancreas:0,36b8ea0d71db49a0,snv,256,256,257,256,256,257,chr2,23481261,C,C,G,body_of_pancreas,ENC-002,TF-ChIP-seq_CTCF,0.233333333333,30.0,dev,0.44289997,0,FN,FN,29
TTCATTTCTCCCACCCTCGAGGGAGAGCTCAAGTGTGTGCCTCTATCTCCTGCAAAGAAAACTGAATTCCATTTAAGGGTTTGGCCTACACCAATGAGTCCACATTTGGAGTGGGGTGTCACAAGGACTTGGTGCTGAGTTGTAAGTCACCTGGCCTTCCCCTGCCTGGCTCCTGGTCTCCTCTGGAGTTTCTCCCCACAACCCCAGGCCTTCTCTGTTTCCCCTTCACTCTCCAAACCCACAGGCAGTCAGTGGGTAGTCCACCTCCCTGCCCCACCAACCGCTTCCCGTCCTTTGGATGTTCGTGTGGTGGGAAGAGCTCTGGAAGGGGAGCCAGAGACCTGCAGTTTACCTCTGGCTCCGACTCAGGCTGGCCATGTCACTCTGGATAAGCCACGGCCTCTCTTAGAGCCTCGGTTTCCCCTTCTGTAAATTGAAGACGGTCTGTTTTGCTCTCTAAGGACCCTTCCCTGCTCAAGCCTTCTGTGTTTCTAGGAGAGTTGGTGGTTATCA,TTCATTTCTCCCACCCTCGAGGGAGAGCTCAAGTGTGTGCCTCTATCTCCTGCAAAGAAAACTGAATTCCATTTAAGGGTTTGGCCTACACCAATGAGTCCACATTTGGAGTGGGGTGTCACAAGGACTTGGTGCTGAGTTGTAAGTCACCTGGCCTTCCCCTGCCTGGCTCCTGGTCTCCTCTGGAGTTTCTCCCCACAACCCCAGGCCTTCTCTGTTTCCCCTTCACTCTCCAAACCCACAGGCAGTCAGTGGGGAGTCCACCTCCCTGCCCCACCAACCGCTTCCCGTCCTTTGGATGTTCGTGTGGTGGGAAGAGCTCTGGAAGGGGAGCCAGAGACCTGCAGTTTACCTCTGGCTCCGACTCAGGCTGGCCATGTCACTCTGGATAAGCCACGGCCTCTCTTAGAGCCTCGGTTTCCCCTTCTGTAAATTGAAGACGGTCTGTTTTGCTCTCTAAGGACCCTTCCCTGCTCAAGCCTTCTGTGTTTCTAGGAGAGTTGGTGGTTATCA,1,chr11:117818833:spleen:0,ae4401f15e702620,snv,256,256,257,256,256,257,chr11,117818833,T,T,G,spleen,ENC-002,TF-ChIP-seq_CTCF,0.875,24.0,dev,0.44494277,0,FN,FN,30
AATTCTGATTCACACTGTATTTGCAAAATCTTTACTTATGTAAAAATGTTTTTAACTCCTCGGAAATTCTCACTGTCCATGAAGACCCCATGAATTGGGGAATAAGAAGAGGCTCGAGGGCTGAAGAGATATACTAATCTTCAACTTTAGGGTCCTACATTCACATTTCATATGAGGTGGTGCAGAAAGTATATGTTTTAAGGCCTGGCCTATGGCCAGAAGTTGTTGGATTTACTTTTCAGAGGAAAGTGTAGAGATGCCGTAACTAATTATTGCAGTCACCCCTGGATTATTCAGCTGATGCCTCTACAGTGGCTCACTTGTTCTTGTTTCTCCCCTGCTATCTCTATTTGGCCATTTCACTGTTAATTAGCACTTCCACCAGAGGGCAGACTGTATAAACCAGAGAAGGTGACAGCCTATTAATTGGGCTGCTGTTTTACTATTCTGTACTTACTGGGAAGGGTGATAAGTTGAAATCAAATGAGTAAAATGAAGGGTTTTGTTTGTTTA,AATTCTGATTCACACTGTATTTGCAAAATCTTTACTTATGTAAAAATGTTTTTAACTCCTCGGAAATTCTCACTGTCCATGAAGACCCCATGAATTGGGGAATAAGAAGAGGCTCGAGGGCTGAAGAGATATACTAATCTTCAACTTTAGGGTCCTACATTCACATTTCATATGAGGTGGTGCAGAAAGTATATGTTTTAAGGCCTGGCCTATGGCCAGAAGTTGTTGGATTTACTTTTCAGAGGAAAGTGTAGAGTTGCCGTAACTAATTATTGCAGTCACCCCTGGATTATTCAGCTGATGCCTCTACAGTGGCTCACTTGTTCTTGTTTCTCCCCTGCTATCTCTATTTGGCCATTTCACTGTTAATTAGCACTTCCACCAGAGGGCAGACTGTATAAACCAGAGAAGGTGACAGCCTATTAATTGGGCTGCTGTTTTACTATTCTGTACTTACTGGGAAGGGTGATAAGTTGAAATCAAATGAGTAAAATGAAGGGTTTTGTTTGTTTA,1,chr17:39527294:esophagus_muscularis_mucosa:0,0fdfd4fc56c8aa82,snv,256,256,257,256,256,257,chr17,39527294,A,T,A,esophagus_muscularis_mucosa,ENC-002,TF-ChIP-seq_CTCF,0.25,36.0,dev,0.45156923,0,FN,FN,31
TCCCCAGATGGCGAGGAAGGAATGAGCGAGAGAGAGAGCTGGACACAGCAGCGAGATGGAGAGAGGGGCAGATACAGGGAGGGACGGATGGAGAGAGAGATGGTGAGAGGAAACAGACTCAGAAAAAGGCAGAGAAGTAGAGCAACGGAGAGATAAAGGAGAGAGGGAAGAATAAACAGTGAAAAGGAAAAAAGGAGAGGCCGAGACAGAAAGAGGCTTTCCCTGAACAGATATGAACCAAGATAGAAAGAAAAAAGAGTTTGAGAGACAAAAGAGAAGAAGGAAAGAGAAAGACTGACTAAAATGGCAAGGGGTGGAGGGAGAGAGGATAAGAAAAGAGAAAGATTTGAGAGAGACCAAAAAAGAGAGAGAGAGGGAAGCTCGATGCCTGGAGTAGAGCTGGCAAGAGAGAAGGAGCCAGGATCTGGGGTGGGAGGTCACAGCTGCTGGGTCGGGCAGCCCCGGAGGCCAGCTCCATCTCAGAGGGCCTGCGGAGGCTCAGCCCTGGCTTTA,TCCCCAGATGGCGAGGAAGGAATGAGCGAGAGAGAGAGCTGGACACAGCAGCGAGATGGAGAGAGGGGCAGATACAGGGAGGGACGGATGGAGAGAGAGATGGTGAGAGGAAACAGACTCAGAAAAAGGCAGAGAAGTAGAGCAACGGAGAGATAAAGGAGAGAGGGAAGAATAAACAGTGAAAAGGAAAAAAGGAGAGGCCGAGACAGAAAGAGGCTTTCCCTGAACAGATATGAACCAAGATAGAAAGAAAAAATAGTTTGAGAGACAAAAGAGAAGAAGGAAAGAGAAAGACTGACTAAAATGGCAAGGGGTGGAGGGAGAGAGGATAAGAAAAGAGAAAGATTTGAGAGAGACCAAAAAAGAGAGAGAGAGGGAAGCTCGATGCCTGGAGTAGAGCTGGCAAGAGAGAAGGAGCCAGGATCTGGGGTGGGAGGTCACAGCTGCTGGGTCGGGCAGCCCCGGAGGCCAGCTCCATCTCAGAGGGCCTGCGGAGGCTCAGCCCTGGCTTTA,1,chr22:15603685:spleen:0,197a1f37f88424eb,snv,256,256,257,256,256,257,chr22,15603685,G,T,G,spleen,ENC-002,TF-ChIP-seq_CTCF,0.8571428571430001,21.0,dev,0.4528579,0,FN,FN,32
CTTTGATTGAGACAGAATTAGATTGTAGACAGGCCCATGCTTTCCCATGCTAGTGCTCTCTTCTCTGAGATCTTTGGTATTTATGCAGTAATTCAAATGAATCACCTCCAAATTTAAATTGAAAACGTGTTTGGCAAGAACAACAGCTTTATGGATCCATGCAGAAACGTTCTGGGAGTGTTCTCTATCAGTCATAGTCCTATGACTCATATCAGTCATCGTGAGTAATGCCTGTCAAAGTCACCACCATAGACCCTGGCTGAAAAATCAGTGCTATGCACCCTAGTGTGGTAAGTTGCAGCGGTTAATGAGATTGATGTTGTCATATCCATGAGAACAGTTAAGCTCTTACAATTATTTTTAGACCTAATAGGAAGAGTATTTCCTATTCTGGTAGCCATAATTATTCTCTAATAAATAAATGACCAAACTCTGAGTCTATGTATTAAGCTTTGACTGAAATACATATTTTTCAGGGCTGATTTCAAGGTCATTTCATTAAATTAGATTTCC,CTTTGATTGAGACAGAATTAGATTGTAGACAGGCCCATGCTTTCCCATGCTAGTGCTCTCTTCTCTGAGATCTTTGGTATTTATGCAGTAATTCAAATGAATCACCTCCAAATTTAAATTGAAAACGTGTTTGGCAAGAACAACAGCTTTATGGATCCATGCAGAAACGTTCTGGGAGTGTTCTCTATCAGTCATAGTCCTATGACTCATATCAGTCATCGTGAGTAATGCCTGTCAAAGTCACCACCATAGACCCCGGCTGAAAAATCAGTGCTATGCACCCTAGTGTGGTAAGTTGCAGCGGTTAATGAGATTGATGTTGTCATATCCATGAGAACAGTTAAGCTCTTACAATTATTTTTAGACCTAATAGGAAGAGTATTTCCTATTCTGGTAGCCATAATTATTCTCTAATAAATAAATGACCAAACTCTGAGTCTATGTATTAAGCTTTGACTGAAATACATATTTTTCAGGGCTGATTTCAAGGTCATTTCATTAAATTAGATTTCC,1,chr14:28676733:esophagus_squamous_epithelium:0,dd8a598d9c951380,snv,256,256,257,256,256,257,chr14,28676733,T,T,C,esophagus_squamous_epithelium,ENC-002,TF-ChIP-seq_CTCF,0.941176470588,34.0,dev,0.45563927,0,FN,FN,33
AATCTAAGCCCAAAGGGCCAGTAAAGGTAAATATCCCTTTTCATTCTTAGGTAGCAATCACAAAAGAAAGGTTTTCTACAGTGAAACCTCTTCAAACATTTTTTTTCACAGTTTCATTTTTTTAGAGGCGACATTCTTTATTTTGTTCCCCTCTCCCATGAAACCTTGAATACCACTTTTTAGTCATTTTTGAAAGAAAGCCTTTCAAAATACGAGCCTTGAATCTGAGGAACCACCTGGGTGTGGGGAAGCTTCCTGCCTAAAGCTTTCTCATTCGCTTGCCTTTTACTGACCTCTAGTGGCCATGTCTTGCTATGGCCTGGAAAGCCGATAGATTATTGTATTCTGAATTGCGTTAAATTCCGTCACTCAATTTCCCTTCTACCTGAATACTTAATTTTTCCACCCTCTTTCCATATAAATGCCAGCACAAATTTGGAGTCAATACAAATTCATAATGTACAAAACACCCCTGCACACATGGAAGTACAAATAAAAAACCTTTCCTCATAA,AATCTAAGCCCAAAGGGCCAGTAAAGGTAAATATCCCTTTTCATTCTTAGGTAGCAATCACAAAAGAAAGGTTTTCTACAGTGAAACCTCTTCAAACATTTTTTTTCACAGTTTCATTTTTTTAGAGGCGACATTCTTTATTTTGTTCCCCTCTCCCATGAAACCTTGAATACCACTTTTTAGTCATTTTTGAAAGAAAGCCTTTCAAAATACGAGCCTTGAATCTGAGGAACCACCTGGGTGTGGGGAAGCTTCCGGCCTAAAGCTTTCTCATTCGCTTGCCTTTTACTGACCTCTAGTGGCCATGTCTTGCTATGGCCTGGAAAGCCGATAGATTATTGTATTCTGAATTGCGTTAAATTCCGTCACTCAATTTCCCTTCTACCTGAATACTTAATTTTTCCACCCTCTTTCCATATAAATGCCAGCACAAATTTGGAGTCAATACAAATTCATAATGTACAAAACACCCCTGCACACATGGAAGTACAAATAAAAAACCTTTCCTCATAA,1,chr4:67327406:breast_epithelium:0,3acba151fb169dae,snv,256,256,257,256,256,257,chr4,67327406,T,T,G,breast_epithelium,ENC-002,TF-ChIP-seq_CTCF,0.285714285714,56.0,dev,0.45664722,0,FN,FN,34
TTGATGGGGAAGAAGATCGCATTCCTCTCTGGCCAGAACAAGGACCTGGTGCATCCACCCTCACACCGCCTCTTCCTCACCCAACCCGTGGGACCTCAGTGTATCCCAACACAATCTCACCCTGCTATCTCTCCTCAACCTCCATCAGGGCAGGTGCTTCCGTGCATTATTGGGCTGCCCCAGGGCAAGCTGGCGCTTACTCTTTTACGCCACCTACTGGAAGGTAGACTGAACTGCACCACCGAATAAGAAACCTTTCAAGCATAGGCTGGCGCACAAGATCAGCTTCCTGAGACTTTCGCACTCTCAGCCCTGTAGAAAACAGTGTGTCAGATCATATATCTAATCTTTTGCTACAACAAGCGGCATTTAAGAAAGCCACGGCACAAAAGCTATCCATAACTAAGGAACCCATACAGAACCCTGGCCTTCTGAAAATACCCAGAAACAAAGCCAAACAATCGTACACAACATACACTACAATCATATGCTCAAGGAAAAAACAAATAAACG,TTGATGGGGAAGAAGATCGCATTCCTCTCTGGCCAGAACAAGGACCTGGTGCATCCACCCTCACACCGCCTCTTCCTCACCCAACCCGTGGGACCTCAGTGTATCCCAACACAATCTCACCCTGCTATCTCTCCTCAACCTCCATCAGGGCAGGTGCTTCCGTGCATTATTGGGCTGCCCCAGGGCAAGCTGGCGCTTACTCTTTTACGCCACCTACTGGAAGGTAGACTGAACTGCACCACCGAATAAGAAACCTGTCAAGCATAGGCTGGCGCACAAGATCAGCTTCCTGAGACTTTCGCACTCTCAGCCCTGTAGAAAACAGTGTGTCAGATCATATATCTAATCTTTTGCTACAACAAGCGGCATTTAAGAAAGCCACGGCACAAAAGCTATCCATAACTAAGGAACCCATACAGAACCCTGGCCTTCTGAAAATACCCAGAAACAAAGCCAAACAATCGTACACAACATACACTACAATCATATGCTCAAGGAAAAAACAAATAAACG,1,chr4:114808037:body_of_pancreas:0,c75822bf85105973,snv,256,256,257,256,256,257,chr4,114808037,T,T,G,body_of_pancreas,ENC-002,TF-ChIP-seq_CTCF,0.725925925926,135.0,dev,0.4647438,0,FN,FN,35
TTTACGATTTCTAATTGCTCTTCTATGATGCAATTCAAAGGTGTATAACCCAAAATATATGTATATGTCAAATTTTATATTCACTACCACTAGATGTCAGTAGTGCTGTATCGTATAAAATATTCTGGTTTTTTGTCTTGTGTTTGACGCTTCTTTTCAGCGTATAGTGCAGCTAAGGTTTAAAGAGATTTGTCACTATTTCAAAGTCATCTAATTTTCTTATAAATCCTTATAAACATCAACTCACACCAGAATACGAGTAACTTTTAGGATAATCACAGGGAGCTGGTAGAGCCATAGCATTAATTATAACTCACAGCAGCTTCAACTCCCCTCACATGGTAGAGCTGTTATTAAAATTAGATGTGCCAAGTCAGCTATGTGAGGCTACAGAAGCACTCTCTATTTACAAAATATTCGTATGCGTTAACACATTAAAATGTATTTGTAAATCAATTAGATGTCATAATAAAACTCAATTTCAAAAGTTTATTTTGAAAAAGTAGGGAGACT,TTTACGATTTCTAATTGCTCTTCTATGATGCAATTCAAAGGTGTATAACCCAAAATATATGTATATGTCAAATTTTATATTCACTACCACTAGATGTCAGTAGTGCTGTATCGTATAAAATATTCTGGTTTTTTGTCTTGTGTTTGACGCTTCTTTTCAGCGTATAGTGCAGCTAAGGTTTAAAGAGATTTGTCACTATTTCAAAGTCATCTAATTTTCTTATAAATCCTTATAAACATCAACTCACACCAGAATAGGAGTAACTTTTAGGATAATCACAGGGAGCTGGTAGAGCCATAGCATTAATTATAACTCACAGCAGCTTCAACTCCCCTCACATGGTAGAGCTGTTATTAAAATTAGATGTGCCAAGTCAGCTATGTGAGGCTACAGAAGCACTCTCTATTTACAAAATATTCGTATGCGTTAACACATTAAAATGTATTTGTAAATCAATTAGATGTCATAATAAAACTCAATTTCAAAAGTTTATTTTGAAAAAGTAGGGAGACT,1,chr3:149967445:transverse_colon:1,6214582d89ae039e,snv,256,256,257,256,256,257,chr3,149967445,C,C,G,transverse_colon,ENC-002,TF-ChIP-seq_CTCF,0.233333333333,30.0,dev,0.46572283,0,FN,FN,36
GTAACCAAAAAGCCGAGGTTTGGCTGAGAAAGACCTGGGTTTGGCACTCAGTCATTCACTCTCAGTGAGACCCCGAGTAAGCCACTTCACATCTCTGAGCCTCGGTGTCCCAACTATGAGGCTGGCCTCTGCATTTTGTAGCAGCAGCAGCATTTACTATGTCTCACTGCACCTGCTGCAAGCTGCTTGGAGCAAGTCTCCGTCCTTCCCACTCCATCGCTTAGCTGCTGGTTCATGCACCACCCAGCCCTGCCCCATGTTGGCAACAATTTGCAAGGTAGACTAGTTAGTTACTCATGCACATAGTGCTTTTGATCTTCCCACTCCCTGTTGACAAATACGTTCAGCAGTAACATGGTAGATATTAGTATGAACTATCACTATCAGGAAAAAAAGTGTTAAAATGCATATCTATTGGCTCAGTAGAAAATACTCCTTAAGGCTTTAGCTGTTGAAAAAATATACTGTTTGACACTTTCTCAAGTCCAAATGCAGTAGCTCATCGTAACCAAA,GTAACCAAAAAGCCGAGGTTTGGCTGAGAAAGACCTGGGTTTGGCACTCAGTCATTCACTCTCAGTGAGACCCCGAGTAAGCCACTTCACATCTCTGAGCCTCGGTGTCCCAACTATGAGGCTGGCCTCTGCATTTTGTAGCAGCAGCAGCATTTACTATGTCTCACTGCACCTGCTGCAAGCTGCTTGGAGCAAGTCTCCGTCCTTCCCACTCCATCGCTTAGCTGCTGGTTCATGCACCACCCAGCCCTGCCCCTTGTTGGCAACAATTTGCAAGGTAGACTAGTTAGTTACTCATGCACATAGTGCTTTTGATCTTCCCACTCCCTGTTGACAAATACGTTCAGCAGTAACATGGTAGATATTAGTATGAACTATCACTATCAGGAAAAAAAGTGTTAAAATGCATATCTATTGGCTCAGTAGAAAATACTCCTTAAGGCTTTAGCTGTTGAAAAAATATACTGTTTGACACTTTCTCAAGTCCAAATGCAGTAGCTCATCGTAACCAAA,1,chr7:129098886:esophagus_squamous_epithelium:0,cce731889e0d3b78,snv,256,256,257,256,256,257,chr7,129098886,A,A,T,esophagus_squamous_epithelium,ENC-002,TF-ChIP-seq_CTCF,0.0740740740741,27.0,dev,0.4669688,0,FN,FN,37
CAAAAAACACAGGTCAGGAAGAAGCATCTAGAGCAGGTGATGAATAGATGACCTTACTAAAATGAGAAAGAACCAAGTCAGTGATGAAATCATTAATTTCTCTGGATTAAGGATCATGGATTTTATTTTGTGCTTTCTCTTGTTGATTCTTCTCAAATCGTTGTGTTTAGTAATTGCTAGGGAGAGTAGTTTAAAACTTAGATTTTTGATGCAGATGTCAGAATTATACCATCTTTGCATATGTCCACATTGGAAAGTTTTTGTAAGGAGCATTTGTTGGATACCTCTGTGCAGTCTGTGTCCAGTCTAGACCACTAGGTGGGTGGAGTGACTTCCAGTTTTTGAAGGGAAGTCACTTCTGGTTTTTCTCCCCTTGTTTTTTATGGTAAATGCCAAAGTAATTATAATCTTTGACTAGACTAAAATCCAATAAAGCTTGAAAGGAGGGGGAAATCTAAAACTGCTTAGAGGGAAACAGTAGCTTCTTTAACCTTGTTGGAATTTTAAGACCGG,CAAAAAACACAGGTCAGGAAGAAGCATCTAGAGCAGGTGATGAATAGATGACCTTACTAAAATGAGAAAGAACCAAGTCAGTGATGAAATCATTAATTTCTCTGGATTAAGGATCATGGATTTTATTTTGTGCTTTCTCTTGTTGATTCTTCTCAAATCGTTGTGTTTAGTAATTGCTAGGGAGAGTAGTTTAAAACTTAGATTTTTGATGCAGATGTCAGAATTATACCATCTTTGCATATGTCCACATTGGAAAATTTTTGTAAGGAGCATTTGTTGGATACCTCTGTGCAGTCTGTGTCCAGTCTAGACCACTAGGTGGGTGGAGTGACTTCCAGTTTTTGAAGGGAAGTCACTTCTGGTTTTTCTCCCCTTGTTTTTTATGGTAAATGCCAAAGTAATTATAATCTTTGACTAGACTAAAATCCAATAAAGCTTGAAAGGAGGGGGAAATCTAAAACTGCTTAGAGGGAAACAGTAGCTTCTTTAACCTTGTTGGAATTTTAAGACCGG,1,chr6:42786290:Peyers_patch:0,cb683746ccde9d48,snv,256,256,257,256,256,257,chr6,42786290,G,A,G,Peyers_patch,ENC-002,TF-ChIP-seq_CTCF,0.875,24.0,dev,0.46771353,0,FN,FN,38
CGGGCTCGGTTTTGCCTCCCAGGTTTCAGCGGCTGCCAGTTTCACATGGCTGTGGTGGATCCAGGCTGGGATTCCTTCTACCTTTACAGCCGTGGGGGTGGTCAGGATGACGGTCTGAGGTCCTTTCCACCATGGCCGCAAAGGGGCTACGTTCCAGTCCTTGATCCACACACGATCAACTGGAAAGAAAGGATGAACTGGGGAGAACAAGCTGACAGGACACCTCTCATTTACCCAAGTCGAGATTGTCTGTGTAATTTTTCCCAAAGCCTGTAGCTGTCGCTGTAACTCAATGTCACCTAACTCTCGGGGAGTGCCTGGAAGTCCCCGTAGTATAGTAGGAGGCCTATGATACAGTATTTCATAAGGGGAGTATCCTGTTTTCTTAGAAGGGGTGCATCTAATTTTAAACAATACCATAGGAAGGGCCTGTATCCATTTTAATCCTGTTTCCTGACGTGCTTTCCCTAAACCATTTTTGATAGTCCGATTAATTCGCTCCACCTTTCCGAA,CGGGCTCGGTTTTGCCTCCCAGGTTTCAGCGGCTGCCAGTTTCACATGGCTGTGGTGGATCCAGGCTGGGATTCCTTCTACCTTTACAGCCGTGGGGGTGGTCAGGATGACGGTCTGAGGTCCTTTCCACCATGGCCGCAAAGGGGCTACGTTCCAGTCCTTGATCCACACACGATCAACTGGAAAGAAAGGATGAACTGGGGAGAACAAGCTGACAGGACACCTCTCATTTACCCAAGTCGAGATTGTCTGTGTAGTTTTTCCCAAAGCCTGTAGCTGTCGCTGTAACTCAATGTCACCTAACTCTCGGGGAGTGCCTGGAAGTCCCCGTAGTATAGTAGGAGGCCTATGATACAGTATTTCATAAGGGGAGTATCCTGTTTTCTTAGAAGGGGTGCATCTAATTTTAAACAATACCATAGGAAGGGCCTGTATCCATTTTAATCCTGTTTCCTGACGTGCTTTCCCTAAACCATTTTTGATAGTCCGATTAATTCGCTCCACCTTTCCGAA,1,chr15:55514019:body_of_pancreas:0,e4808563f82abe40,snv,256,256,257,256,256,257,chr15,55514019,A,G,A,body_of_pancreas,ENC-002,TF-ChIP-seq_CTCF,0.763157894737,38.0,dev,0.470541,0,FN,FN,39
GCTGTCCAAAGATTTGCCAAACTCGGGCAGAACGGTGCAAGAGTGAGCATGTGAGTTCTGTCTTTTTTTTCTCATGAACCAAGGTTTCTAAGAAGGGCACAGAGCAGTGAGCAATAAAGCTAGGAGTGACTAAGGGTGATCCAAGTAGGAGCTGCCAGCGCCAGGTGCCAGGGCTACAGTTTCTAGCTTTGGAGCCAACTTTCCTGAGCACACATCTCCCTCTTGTGGCCGAGAGCGGTATTGCCACTGAAGAGATAGTGCTGGGGACCCCCTCCAGACTCTCATTCTGAAAACCCCAAGATATAGGCCAGGGGCCGAATCTACCTTGTGGACCCCATGAGATTTCCCACTTCGTTTTTAGAAAAATGTGATTAAGGCCGGGCGCAGTGGCTCACGCCTGTAATCCCAGCACTTTGGGAGGCCGAGGCAGGCAGATCATTTGATGTCAGGAGTCTGAGACCAGCCTGGCCAATATGGTGAAACCTCGTCGCTACTAAAAATACAAAAATTAGC,GCTGTCCAAAGATTTGCCAAACTCGGGCAGAACGGTGCAAGAGTGAGCATGTGAGTTCTGTCTTTTTTTTCTCATGAACCAAGGTTTCTAAGAAGGGCACAGAGCAGTGAGCAATAAAGCTAGGAGTGACTAAGGGTGATCCAAGTAGGAGCTGCCAGCGCCAGGTGCCAGGGCTACAGTTTCTAGCTTTGGAGCCAACTTTCCTGAGCACACATCTCCCTCTTGTGGCCGAGAGCGGTATTGCCACTGAAGAGATGGTGCTGGGGACCCCCTCCAGACTCTCATTCTGAAAACCCCAAGATATAGGCCAGGGGCCGAATCTACCTTGTGGACCCCATGAGATTTCCCACTTCGTTTTTAGAAAAATGTGATTAAGGCCGGGCGCAGTGGCTCACGCCTGTAATCCCAGCACTTTGGGAGGCCGAGGCAGGCAGATCATTTGATGTCAGGAGTCTGAGACCAGCCTGGCCAATATGGTGAAACCTCGTCGCTACTAAAAATACAAAAATTAGC,1,chr7:63015864:spleen:0,2026c1630322268c,snv,256,256,257,256,256,257,chr7,63015864,A,G,A,spleen,ENC-002,TF-ChIP-seq_CTCF,0.854700854701,117.0,dev,0.4711091,0,FN,FN,40
GTGAACCCGGGAAGCGGAGCTTGCAGTGAGCCGAGATTGCGCCACTGCAGTCCGCAGTCCGGCCTGGGCGACAGAGCGAGACTCCGTCTCAAAAAAAAAAAAAAGACAGATACCTGACTCCAGGAGCCATCACTTTACAACCTGAGATTACAGCTCCAAGATTGCCTTTGCAAGGCTCCACCTGCTGGTCTTTGGAGGTAATGGCAGGCCCTGCCTAGAAGGGCCAAGATTCTGGTCCTACCTGTGGAGTCTGGCTCACTGTCAGAAAGTTGGGGCACTTATACCTGAGTCCCTCTATCTTGGGGGCGGGGTCGTGGCATCTCTCAGGCACACCTGGATTCCGGCCTCAAGAACTTCCAGAATTGGGCTCCTCTCAACTCCCAACTCAGATCCCTGGGTTCCCACCTGTTGGTGCCCTTTCAGAGGGGGTGTGAGTTTTCGAGTTTCTTGTACTCTTCGCCTGACCTGGTACACTTGTTTGCATTAACTGCCTAGTCCCTCTGTTTGACTTGG,GTGAACCCGGGAAGCGGAGCTTGCAGTGAGCCGAGATTGCGCCACTGCAGTCCGCAGTCCGGCCTGGGCGACAGAGCGAGACTCCGTCTCAAAAAAAAAAAAAAGACAGATACCTGACTCCAGGAGCCATCACTTTACAACCTGAGATTACAGCTCCAAGATTGCCTTTGCAAGGCTCCACCTGCTGGTCTTTGGAGGTAATGGCAGGCCCTGCCTAGAAGGGCCAAGATTCTGGTCCTACCTGTGGAGTCTGGCTAACTGTCAGAAAGTTGGGGCACTTATACCTGAGTCCCTCTATCTTGGGGGCGGGGTCGTGGCATCTCTCAGGCACACCTGGATTCCGGCCTCAAGAACTTCCAGAATTGGGCTCCTCTCAACTCCCAACTCAGATCCCTGGGTTCCCACCTGTTGGTGCCCTTTCAGAGGGGGTGTGAGTTTTCGAGTTTCTTGTACTCTTCGCCTGACCTGGTACACTTGTTTGCATTAACTGCCTAGTCCCTCTGTTTGACTTGG,1,chr16:15822090:prostate_gland:0,e3e3fe6db19c2100,snv,256,256,257,256,256,257,chr16,15822090,C,C,A,prostate_gland,ENC-002,TF-ChIP-seq_CTCF,0.7078651685390001,89.0,dev,0.47132912,0,FN,FN,46
GATTGAGGTGCAAATTCCAGTCCCTCTACTTACTGGCTTAGCTGTGTGACCTTGGACACATGGCTCAACCTCTGTGAGTCACCTTTCTCATGCTTAAAACGGCAGTAAATTACCTCTACCTGCCAGGGTTGTTGCAATGATCTGAGGAGGTGCCTTATGCAAAGCACAGTTCATGTGCTCGGGGCAAACAGTGGAAAAACAAACCAGGAAATGCTTCTCTGTCTGTCTGTGCCTCCTACCTGCCACAGGAGAACTGAGGGTAGAATCTGTGTACCCTTCTCAGCACACCACAAATCCTAGTCACTTAGAGAGACACAGACTGCCTACAAGGCTAGTCAACTCCCAACCACCTTTGCAGAAGGGGGAGAGAGTGGGAGTTTGTGAAGAGCAAAAGCAGGAATTGGATGGGAAAATGGTCTAGGGCTCACGTGGAGTGACCCAGGACCCAGAGTCTCACCTCCCAAGGCTAGGCCTTGTAGGGCAGCAGGGCCAAGCATGCTGCAGGAAAGAACA,GATTGAGGTGCAAATTCCAGTCCCTCTACTTACTGGCTTAGCTGTGTGACCTTGGACACATGGCTCAACCTCTGTGAGTCACCTTTCTCATGCTTAAAACGGCAGTAAATTACCTCTACCTGCCAGGGTTGTTGCAATGATCTGAGGAGGTGCCTTATGCAAAGCACAGTTCATGTGCTCGGGGCAAACAGTGGAAAAACAAACCAGGAAATGCTTCTCTGTCTGTCTGTGCCTCCTACCTGCCACAGGAGAACTGCGGGTAGAATCTGTGTACCCTTCTCAGCACACCACAAATCCTAGTCACTTAGAGAGACACAGACTGCCTACAAGGCTAGTCAACTCCCAACCACCTTTGCAGAAGGGGGAGAGAGTGGGAGTTTGTGAAGAGCAAAAGCAGGAATTGGATGGGAAAATGGTCTAGGGCTCACGTGGAGTGACCCAGGACCCAGAGTCTCACCTCCCAAGGCTAGGCCTTGTAGGGCAGCAGGGCCAAGCATGCTGCAGGAAAGAACA,1,chr1:21329710:body_of_pancreas:0,c0b3d916d734f2b7,snv,256,256,257,256,256,257,chr1,21329710,A,C,A,body_of_pancreas,ENC-002,TF-ChIP-seq_CTCF,0.1833333333329999,60.0,dev,0.47133708,0,FN,FN,47
AGGAGCATGACGAAGTGCATCCCGTACAATACGGATTTATTCCCAACAAACAGTTTCACACTAACTCGGGTTTGGTGAGGACACTGAGTTATCAAGAAGATATTGACTTGTATTTATTATAGATATTAAATCAGAAATTGTGAGCTTTTATAAACACAGAACAGAAGTCATTGCTCGACACTCTGAGCTCTTTAAAAGCAGGAATTGTGCTTTATTTGTTCTTGTAACACCAGGGCCAACAGCTGGCACGGAGTCATTGCGCCCCAAATGTTCATGGCATTGAATTGCATCTAATAAAGATAAAACTTGGCTTGCTGGAAGATGCGTCGATTCATAACATCTTATGATGCTAGATAAATATAGGTTCTTTTTCTTATCCAAAATGGAAATGGGAAAAAATATGACTCGTTCTTATTATTAAAAGTTATGCATGCTCGTTGTAATTTAAAAAACCCAGGCAACTCAAAAATATGTTTAAAAGACAGTTTTAAAAAACCCATCGCCCAGAAATAA,AGGAGCATGACGAAGTGCATCCCGTACAATACGGATTTATTCCCAACAAACAGTTTCACACTAACTCGGGTTTGGTGAGGACACTGAGTTATCAAGAAGATATTGACTTGTATTTATTATAGATATTAAATCAGAAATTGTGAGCTTTTATAAACACAGAACAGAAGTCATTGCTCGACACTCTGAGCTCTTTAAAAGCAGGAATTGTGCTTTATTTGTTCTTGTAACACCAGGGCCAACAGCTGGCACGGAGTCAATGCGCCCCAAATGTTCATGGCATTGAATTGCATCTAATAAAGATAAAACTTGGCTTGCTGGAAGATGCGTCGATTCATAACATCTTATGATGCTAGATAAATATAGGTTCTTTTTCTTATCCAAAATGGAAATGGGAAAAAATATGACTCGTTCTTATTATTAAAAGTTATGCATGCTCGTTGTAATTTAAAAAACCCAGGCAACTCAAAAATATGTTTAAAAGACAGTTTTAAAAAACCCATCGCCCAGAAATAA,1,chr16:83887284:esophagus_squamous_epithelium:0,9138dbea9b3f4069,snv,256,256,257,256,256,257,chr16,83887284,T,A,T,esophagus_squamous_epithelium,ENC-002,TF-ChIP-seq_CTCF,0.8695652173909999,23.0,dev,0.47749364,0,FN,FN,51
GTTTCTGTGAAGCTCTCTCTCTTCCTCCTCTGAGAAAATCAAATTGAGTCTCAAATTAACCCAAAGGTGAAGAGACTGGCTGTGGTTTTATCTTTCTGTCAACCCCCTCTTCGCCCTTCTTAGATTTATTAATGTAAACCAATCTGTGGACCTTTTGGCCTCATGAATTGGAACTAAAGCTGGTACTGAGGGAGGGGAAAGGCTTTACGCTAAGGCAACAGCGCCACCTTGTGACCAATATTTTTACTACTGTCAATGCGCTCCAGCCGCGGACCTCAGAGGGTGGTGATGCGGGTAAAATATGAACAAGATTGCTTCCCGAAACTTCTCGGTTTTGTCAGCTGTTTTATATATATATATATATATATATATGTTTTAATATATGTGTTTATATATGTGTTAATAAATATATTTTTATATATTTTATGTTTTAATGTTTTTATATGTTTTTATATATATTTGTTTTTATATATGTTTATACATATTTGTTTTAAAATATATATATGCTTGTTC,GTTTCTGTGAAGCTCTCTCTCTTCCTCCTCTGAGAAAATCAAATTGAGTCTCAAATTAACCCAAAGGTGAAGAGACTGGCTGTGGTTTTATCTTTCTGTCAACCCCCTCTTCGCCCTTCTTAGATTTATTAATGTAAACCAATCTGTGGACCTTTTGGCCTCATGAATTGGAACTAAAGCTGGTACTGAGGGAGGGGAAAGGCTTTACGCTAAGGCAACAGCGCCACCTTGTGACCAATATTTTTACTACTGTCAAGGCGCTCCAGCCGCGGACCTCAGAGGGTGGTGATGCGGGTAAAATATGAACAAGATTGCTTCCCGAAACTTCTCGGTTTTGTCAGCTGTTTTATATATATATATATATATATATATGTTTTAATATATGTGTTTATATATGTGTTAATAAATATATTTTTATATATTTTATGTTTTAATGTTTTTATATGTTTTTATATATATTTGTTTTTATATATGTTTATACATATTTGTTTTAAAATATATATATGCTTGTTC,1,chr8:9829644:stomach:0,4f3ee0fa7183cd3f,snv,256,256,257,256,256,257,chr8,9829644,T,T,G,stomach,ENC-002,TF-ChIP-seq_CTCF,0.794117647059,34.0,dev,0.4794745,0,FN,FN,52
TGGGGAAGAAGATCGCATTCCTCTCTGGCCAGAACAAGGACCTGGTGCATCCACCCTCACACCGCCTCTTCCTCACCCAACCCGTGGGACCTCAGTGTATCCCAACACAATCTCACCCTGCTATCTCTCCTCAACCTCCATCAGGGCAGGTGCTTCCGTGCATTATTGGGCTGCCCCAGGGCAAGCTGGCGCTTACTCTTTTACGCCACCTACTGGAAGGTAGACTGAACTGCACCACCGAATAAGAAACCTTTCAAGCATAGGCTGGCGCACAAGATCAGCTTCCTGAGACTTTCGCACTCTCAGCCCTGTAGAAAACAGTGTGTCAGATCATATATCTAATCTTTTGCTACAACAAGCGGCATTTAAGAAAGCCACGGCACAAAAGCTATCCATAACTAAGGAACCCATACAGAACCCTGGCCTTCTGAAAATACCCAGAAACAAAGCCAAACAATCGTACACAACATACACTACAATCATATGCTCAAGGAAAAAACAAATAAACGAAAG,TGGGGAAGAAGATCGCATTCCTCTCTGGCCAGAACAAGGACCTGGTGCATCCACCCTCACACCGCCTCTTCCTCACCCAACCCGTGGGACCTCAGTGTATCCCAACACAATCTCACCCTGCTATCTCTCCTCAACCTCCATCAGGGCAGGTGCTTCCGTGCATTATTGGGCTGCCCCAGGGCAAGCTGGCGCTTACTCTTTTACGCCACCTACTGGAAGGTAGACTGAACTGCACCACCGAATAAGAAACCTTTCATGCATAGGCTGGCGCACAAGATCAGCTTCCTGAGACTTTCGCACTCTCAGCCCTGTAGAAAACAGTGTGTCAGATCATATATCTAATCTTTTGCTACAACAAGCGGCATTTAAGAAAGCCACGGCACAAAAGCTATCCATAACTAAGGAACCCATACAGAACCCTGGCCTTCTGAAAATACCCAGAAACAAAGCCAAACAATCGTACACAACATACACTACAATCATATGCTCAAGGAAAAAACAAATAAACGAAAG,1,chr4:114808041:esophagus_muscularis_mucosa:0,145bfac7af23b89d,snv,256,256,257,256,256,257,chr4,114808041,A,A,T,esophagus_muscularis_mucosa,ENC-002,TF-ChIP-seq_CTCF,0.666666666667,81.0,dev,0.48168504,0,FN,FN,54
GTGTGTGGGGTGGCAGGTGACAGGGAAGGAGGCCGGAAGCTGGACCAGGGCATCCGGGCCCAACAGGTCTTATGGGTCCTGGGCAATAATGGGAAATTGGTGAAGTGTGTGAGGCTGGGGGCGATGACTTGTGAATCTAGAGGCTCCAGCACGAGGGGAGAGCTGTCCAAAGATTTGCCAAACTCGGGCAGAACGGTGCAAGAGTGAGCATGTGAGTTCTGTCTTTTTTTTCTCATGAACCAAGGTTTCTAAGAAGGGCACAGAGCAGTGAGCAATAAAGCTAGGAGTGACTAAGGGTGATCCAAGTAGGAGCTGCCAGCGCCAGGTGCCAGGGCTACAGTTTCTAGCTTTGGAGCCAACTTTCCTGAGCACACATCTCCCTCTTGTGGCCGAGAGCGGTATTGCCACTGAAGAGATAGTGCTGGGGACCCCCTCCAGACTCTCATTCTGAAAACCCCAAGATATAGGCCAGGGGCCGAATCTACCTTGTGGACCCCATGAGATTTCCCACTT,GTGTGTGGGGTGGCAGGTGACAGGGAAGGAGGCCGGAAGCTGGACCAGGGCATCCGGGCCCAACAGGTCTTATGGGTCCTGGGCAATAATGGGAAATTGGTGAAGTGTGTGAGGCTGGGGGCGATGACTTGTGAATCTAGAGGCTCCAGCACGAGGGGAGAGCTGTCCAAAGATTTGCCAAACTCGGGCAGAACGGTGCAAGAGTGAGCATGTGAGTTCTGTCTTTTTTTTCTCATGAACCAAGGTTTCTAAGAAGCGCACAGAGCAGTGAGCAATAAAGCTAGGAGTGACTAAGGGTGATCCAAGTAGGAGCTGCCAGCGCCAGGTGCCAGGGCTACAGTTTCTAGCTTTGGAGCCAACTTTCCTGAGCACACATCTCCCTCTTGTGGCCGAGAGCGGTATTGCCACTGAAGAGATAGTGCTGGGGACCCCCTCCAGACTCTCATTCTGAAAACCCCAAGATATAGGCCAGGGGCCGAATCTACCTTGTGGACCCCATGAGATTTCCCACTT,1,chr7:63015703:spleen:1,ada0a4a9556820fe,snv,256,256,257,256,256,257,chr7,63015703,G,C,G,spleen,ENC-002,TF-ChIP-seq_CTCF,0.8,35.0,dev,0.48284775,0,FN,FN,56
TCAGGAGGCTGAGGCAGGAGAATGGTGTGAACCCGGGAGGTGGAGCTTGCAGTGAGCCAAGATCGTGCCATTGCACTCTAGCCTGGGCGACAGAGCGAGACTCCATTTCCAAAAAAAACACACTAGGCGTAAACAAGAATGAAGACCTGGAACCGTAGAGAAAATACTAGAAACCCCTCGTATCACGTTGTGCCTGAGGACAATAATAAAGTAGTTTACTAGGCATCAGACATTCCTCAGCAGTGCTGTGGGTCACGGGCGTGAAGCGGAGCTCGAGGCAGGATTGCTTGTGTTGCTGCATGTCCTGTCTGCTGTTTTAGCCCGTGTCAGTAGATGGGGCCATTGTACTGTTTGTTCTGCACACTTGGCGGAGCAGCAGAGGCTCTCAGCACGCCTTTTCCCTTTGTAGTATTTTCTGAGCTAAGGAAAGTCAGGCAGAAGTAGTTCATAAGAAGGCATCACTGCCTGTGATCGGGGCTGCATTTAGCCCTGACCTGATAATGGTAGGAGAGT,TCAGGAGGCTGAGGCAGGAGAATGGTGTGAACCCGGGAGGTGGAGCTTGCAGTGAGCCAAGATCGTGCCATTGCACTCTAGCCTGGGCGACAGAGCGAGACTCCATTTCCAAAAAAAACACACTAGGCGTAAACAAGAATGAAGACCTGGAACCGTAGAGAAAATACTAGAAACCCCTCGTATCACGTTGTGCCTGAGGACAATAATAAAGTAGTTTACTAGGCATCAGACATTCCTCAGCAGTGCTGTGGGTCACAGGCGTGAAGCGGAGCTCGAGGCAGGATTGCTTGTGTTGCTGCATGTCCTGTCTGCTGTTTTAGCCCGTGTCAGTAGATGGGGCCATTGTACTGTTTGTTCTGCACACTTGGCGGAGCAGCAGAGGCTCTCAGCACGCCTTTTCCCTTTGTAGTATTTTCTGAGCTAAGGAAAGTCAGGCAGAAGTAGTTCATAAGAAGGCATCACTGCCTGTGATCGGGGCTGCATTTAGCCCTGACCTGATAATGGTAGGAGAGT,1,chr8:41542793:esophagus_muscularis_mucosa:0,67dcfa5e6287f716,snv,256,256,257,256,256,257,chr8,41542793,G,A,G,esophagus_muscularis_mucosa,ENC-002,TF-ChIP-seq_CTCF,0.627027027027,185.0,dev,0.48438305,0,FN,FN,59
CGGCCGCGCAGCCCTGCCGCGCCGCGCCCTCGCCCCGCCCACACCCCGCCTGGTCACGCCCCCTCCCCCGCGCGCCACGCCCACAGTCCGCCCCTGCGGGCCCGCCGCGCTCCTCGCCCGGCCTCGCCACGCCTACAACCCGCCTAGCCACGCCCACATGCCCCTCCCCGTCCACGTGGACACGGAGCCTGCTGGTGGCGCAGGTTACCTCCCCTCAGGTTGGACCTCCGGACTCGCAGGTGCACTACCTCAGGCGCAAGCCTGCACCCACCGCACCCTCATTCACTCCCATCTCTCCTCGCCCAGTCACGCCCTTGTTCGCTCATTCACCGGTTACACTGGGGTTTTCTGACTCGCACTTCCTCATTCATCCACTCACCCACTCATTCGCTCACCCACGCACTGCATCCTGCATTCATTCATTCACCCACTCACTCACTGCATCCTACATTCATTCATCCACTCACACACTCACTCACCGCATCCTGCATTCATCCAGCCACTCACTCACTC,CGGCCGCGCAGCCCTGCCGCGCCGCGCCCTCGCCCCGCCCACACCCCGCCTGGTCACGCCCCCTCCCCCGCGCGCCACGCCCACAGTCCGCCCCTGCGGGCCCGCCGCGCTCCTCGCCCGGCCTCGCCACGCCTACAACCCGCCTAGCCACGCCCACATGCCCCTCCCCGTCCACGTGGACACGGAGCCTGCTGGTGGCGCAGGTTACCTCCCCTCAGGTTGGACCTCCGGACTCGCAGGTGCACTACCTCAGGCGGAAGCCTGCACCCACCGCACCCTCATTCACTCCCATCTCTCCTCGCCCAGTCACGCCCTTGTTCGCTCATTCACCGGTTACACTGGGGTTTTCTGACTCGCACTTCCTCATTCATCCACTCACCCACTCATTCGCTCACCCACGCACTGCATCCTGCATTCATTCATTCACCCACTCACTCACTGCATCCTACATTCATTCATCCACTCACACACTCACTCACCGCATCCTGCATTCATCCAGCCACTCACTCACTC,1,chr7:2314716:body_of_pancreas:0,aaf1a7dfbe4dd356,snv,256,256,257,256,256,257,chr7,2314716,C,G,C,body_of_pancreas,ENC-002,TF-ChIP-seq_CTCF,0.1785714285709999,56.0,dev,0.48533928,0,FN,FN,60
AATTAGCTGGGCGTGGTGGCACGTGCCTGTAATCCCAGCTACTCGGGAGGCTGAGGCAGGAGAATTGCTTGAACCCGGGAGGAGGAGGTTGCAGTGGGCAGAGATCACGCCACTGCATTCCAGCCTGGGCAACAGAGCAAGACTCCGTCTCAAAAAAAAAAAAAAAAGAGAAAAACGTGGACCATTTTCACTGGCAGTTTCCCAAATGCATTTTGAAAATGTGTTGTTCCTACCTGACTGTGGCTTATTTTCTCAGGTGTACTCCTCGGCACTTCCCGGCCCAGTCTGTGATGCCAACGTTTTTGTTTGTTTGCTTTGCTTGTGACCGTGGCGCCCTCTACTGTTCTTCAGAGTTGCTAAAGTGCCTTTCTCAAGAAAGTTCCAGATTGAAAACTTAATTAAAATAGAAAAAAAAAAGGTTTTCTGTAGCTGAAATTAGCTATTAAAAAGCTAAGTGCAATTCAAAGGAAAACATACCTTCTGTTTATTTAAGACAATAGCAATTTTCTTTTT,AATTAGCTGGGCGTGGTGGCACGTGCCTGTAATCCCAGCTACTCGGGAGGCTGAGGCAGGAGAATTGCTTGAACCCGGGAGGAGGAGGTTGCAGTGGGCAGAGATCACGCCACTGCATTCCAGCCTGGGCAACAGAGCAAGACTCCGTCTCAAAAAAAAAAAAAAAAGAGAAAAACGTGGACCATTTTCACTGGCAGTTTCCCAAATGCATTTTGAAAATGTGTTGTTCCTACCTGACTGTGGCTTATTTTCTCAGATGTACTCCTCGGCACTTCCCGGCCCAGTCTGTGATGCCAACGTTTTTGTTTGTTTGCTTTGCTTGTGACCGTGGCGCCCTCTACTGTTCTTCAGAGTTGCTAAAGTGCCTTTCTCAAGAAAGTTCCAGATTGAAAACTTAATTAAAATAGAAAAAAAAAAGGTTTTCTGTAGCTGAAATTAGCTATTAAAAAGCTAAGTGCAATTCAAAGGAAAACATACCTTCTGTTTATTTAAGACAATAGCAATTTTCTTTTT,1,chr5:15824400:spleen:0,5ed0fd1d40117946,snv,256,256,257,256,256,257,chr5,15824400,G,G,A,spleen,ENC-002,TF-ChIP-seq_CTCF,0.21875,32.0,dev,0.4867461,0,FN,FN,61
TTCCTTTGCTTTCAGGAGGCACCCTAACGTGAGCAAGAAAATTACTTCTGAAAAGCAAAGGACTCACGCAATACACATGGGTAGTCCAGTAACAAGAACCACCCAAAAATGCATACAGCCAACCTGGAGACAAAGAAATCTGCAGAAACCTGCAGCCTCCTATCAGATAAAGACGTATGCTGAATCCCAATGATGAAGTTTGCTATTAAATTCTCATTTACAAATCTACATATGCTTGCTGCCCCTTTTTCTAATCATTGCAATATATAAATATTTCTTCTCTCATCCTGGCTCTGAAAGATCTACAATTTCTATTTTCATTTTTGCCATAGGTAGTAGCGGAATATTGCCACAGGGTGGTACACCACGCATAGTTAACAGAAAGCTTCCGTAATTCATGTGACAGTTGAGTTATACCCTTTTTTCAGCTTCACTTAACCAAGAGGCATCAGAACAACTGGCAGCTCTCTGGGTGATTAAAATTAAAACAAAACCTTAAATCGTGCAAGTCCG,TTCCTTTGCTTTCAGGAGGCACCCTAACGTGAGCAAGAAAATTACTTCTGAAAAGCAAAGGACTCACGCAATACACATGGGTAGTCCAGTAACAAGAACCACCCAAAAATGCATACAGCCAACCTGGAGACAAAGAAATCTGCAGAAACCTGCAGCCTCCTATCAGATAAAGACGTATGCTGAATCCCAATGATGAAGTTTGCTATTAAATTCTCATTTACAAATCTACATATGCTTGCTGCCCCTTTTTCTAATCGTTGCAATATATAAATATTTCTTCTCTCATCCTGGCTCTGAAAGATCTACAATTTCTATTTTCATTTTTGCCATAGGTAGTAGCGGAATATTGCCACAGGGTGGTACACCACGCATAGTTAACAGAAAGCTTCCGTAATTCATGTGACAGTTGAGTTATACCCTTTTTTCAGCTTCACTTAACCAAGAGGCATCAGAACAACTGGCAGCTCTCTGGGTGATTAAAATTAAAACAAAACCTTAAATCGTGCAAGTCCG,1,chr2:50536431:spleen:0,98380c05e6e9fa5b,snv,256,256,257,256,256,257,chr2,50536431,A,A,G,spleen,ENC-002,TF-ChIP-seq_CTCF,0.157894736842,57.0,dev,0.48681882,0,FN,FN,62
CCTGTTATTCCTGGCTTCATTTGGTTGTTGGCCTGAGAGAAGGTACCGGGTAGCCCAGCTGGAGTATGACCTGGGTTCTGGACTTTCTTCAATTCCGTAGATTGAGTGTGTGGCCTCCTGCTGGTAGCTACTATGGAGAACAACACTAGCTTTGATTTATTTGAAAGTGATGTATTTGATTTAAAACTTTGTAGTGTAACTTAGCTTGTCCCATTCTAGTGTGTGTGTCATTTCATTCTGCGGGAAAAAAATAGATACAAAGGTTTGTTATTGTAGCCCCACCCCCTTAAATTTGTCTATACAGTCTTCTGAAGCACACTGCCCTTTTAGTTCTCTTCTTGGTACTGATGCTGTCACTATTAACCACTTATTATTGCCTAACACAACAGTCCCTTACGCTCAAGATGCTAGTATTTTGATGAATATAAGGGTCCACCTTATATACCAGTAAAAATTAAAGAGCAATACAGACTGGAATGCAACGAAGCGCCCAAATATGTGGCTCAGGGGTAA,CCTGTTATTCCTGGCTTCATTTGGTTGTTGGCCTGAGAGAAGGTACCGGGTAGCCCAGCTGGAGTATGACCTGGGTTCTGGACTTTCTTCAATTCCGTAGATTGAGTGTGTGGCCTCCTGCTGGTAGCTACTATGGAGAACAACACTAGCTTTGATTTATTTGAAAGTGATGTATTTGATTTAAAACTTTGTAGTGTAACTTAGCTTGTCCCATTCTAGTGTGTGTGTCATTTCATTCTGCGGGAAAAAAATAGATGCAAAGGTTTGTTATTGTAGCCCCACCCCCTTAAATTTGTCTATACAGTCTTCTGAAGCACACTGCCCTTTTAGTTCTCTTCTTGGTACTGATGCTGTCACTATTAACCACTTATTATTGCCTAACACAACAGTCCCTTACGCTCAAGATGCTAGTATTTTGATGAATATAAGGGTCCACCTTATATACCAGTAAAAATTAAAGAGCAATACAGACTGGAATGCAACGAAGCGCCCAAATATGTGGCTCAGGGGTAA,1,chr1:112673920:thyroid_gland:0,033739a08ede144c,snv,256,256,257,256,256,257,chr1,112673920,A,A,G,thyroid_gland,ENC-002,TF-ChIP-seq_CTCF,0.7428571428569999,35.0,dev,0.4875705,0,FN,FN,67
ATCATTGCATGGCCTGCAGGTAGGCTTTTCAGCTTCCTCTGATTGTCATACCAGGCACTGGGCCTATAAAAAGCAAAGCGGAGGCTGAGAGGAGGCAGAGGCAAACACTGAAGGTGTTTCAGAGGCCTATTCCCCCTGTGTATGGTGAGCACAGCACCTGGCAATGGATCGGGCTCTCCCACCCAAGCCCCATGCCCACTCTGGCCCCTTACCCCTCAGCCTTGGTGCCCTGGGTTCCCTAGTTCTTCTGTGGCCTCGACTCCCAACTGTGTGAAACCTGCATTGTCTTGGAGTCAGTGAGCTACTGCCTTCTCTATTTCCTGCTTTTAATTCCAGTTGACTCTTGACTTACAATCATGTATTCTTACTGGAATTGCCTCCCTGAAGGGCAGAAATTCCCTTTCTCCTGCTCTTTTGCCCCATCTGCCCTCTGCTGGCCATCGATAGGTACTGCGGTCAACCCTGAAAAGCCGTTTTTCCCAGTAGCATGTACCGAAGCTGTTTGCTCTTTCC,ATCATTGCATGGCCTGCAGGTAGGCTTTTCAGCTTCCTCTGATTGTCATACCAGGCACTGGGCCTATAAAAAGCAAAGCGGAGGCTGAGAGGAGGCAGAGGCAAACACTGAAGGTGTTTCAGAGGCCTATTCCCCCTGTGTATGGTGAGCACAGCACCTGGCAATGGATCGGGCTCTCCCACCCAAGCCCCATGCCCACTCTGGCCCCTTACCCCTCAGCCTTGGTGCCCTGGGTTCCCTAGTTCTTCTGTGGCCTTGACTCCCAACTGTGTGAAACCTGCATTGTCTTGGAGTCAGTGAGCTACTGCCTTCTCTATTTCCTGCTTTTAATTCCAGTTGACTCTTGACTTACAATCATGTATTCTTACTGGAATTGCCTCCCTGAAGGGCAGAAATTCCCTTTCTCCTGCTCTTTTGCCCCATCTGCCCTCTGCTGGCCATCGATAGGTACTGCGGTCAACCCTGAAAAGCCGTTTTTCCCAGTAGCATGTACCGAAGCTGTTTGCTCTTTCC,1,chr1:184222581:spleen:1,542c2859c613885c,snv,256,256,257,256,256,257,chr1,184222581,C,C,T,spleen,ENC-002,TF-ChIP-seq_CTCF,0.698113207547,53.0,dev,0.48826808,0,FN,FN,69
GGGCGGTTACAGCATGGGGACTTTTGGTGTCTGGCAAAAGAAGGGCTGGAAGCTTTTGGAAAAGACACTACTGGAAGCTGTTGGGAGCACTGATTAGAATATCCTAGGCATACAGGAGCTCCTGCTTGCTGCTCTTGACTTGTTGACAGTCACAGGAATGAAGCATTATTAGTGTCAGCAGTCCAAGCCCCAAATTGAAGAACGAGATTAGAATTGGTTTGAGATGAATAAAAATTAAATTCAGTGGACTGGAGGTGGCATTTGGCCACTAGAGAGCGCTGTTGCTCCACTTTCTGATCTCGTAAAGCTGGAATTGCGGCGGAGAAAGGTTTTGATTAAAAATATTAACAATCTTATTTTTAATCCGAAATTAGGATAATTTTAACCAAAAATAAACAAGGTGTACTATTAATTTCTGTGTTTGCTGGGCATAAAATTTTGGCTCGATCATGGCTTCAGAAACTTTGGACTGTGGCACAGCTGAAACTATAAAACATGATAAATTAATGTATT,GGGCGGTTACAGCATGGGGACTTTTGGTGTCTGGCAAAAGAAGGGCTGGAAGCTTTTGGAAAAGACACTACTGGAAGCTGTTGGGAGCACTGATTAGAATATCCTAGGCATACAGGAGCTCCTGCTTGCTGCTCTTGACTTGTTGACAGTCACAGGAATGAAGCATTATTAGTGTCAGCAGTCCAAGCCCCAAATTGAAGAACGAGATTAGAATTGGTTTGAGATGAATAAAAATTAAATTCAGTGGACTGGAGGTCGCATTTGGCCACTAGAGAGCGCTGTTGCTCCACTTTCTGATCTCGTAAAGCTGGAATTGCGGCGGAGAAAGGTTTTGATTAAAAATATTAACAATCTTATTTTTAATCCGAAATTAGGATAATTTTAACCAAAAATAAACAAGGTGTACTATTAATTTCTGTGTTTGCTGGGCATAAAATTTTGGCTCGATCATGGCTTCAGAAACTTTGGACTGTGGCACAGCTGAAACTATAAAACATGATAAATTAATGTATT,1,chr2:176127195:upper_lobe_of_left_lung:1,a01d06317e58769f,snv,256,256,257,256,256,257,chr2,176127195,G,C,G,upper_lobe_of_left_lung,ENC-002,TF-ChIP-seq_CTCF,0.63309352518,139.0,dev,0.48914036,0,FN,FN,70
TTATTTATTAACTTATCAGCTATCCTTAGTGTTAGTGTATTTTATGTGTGGCCCAAAACAATTCTTCCAACGTGGCCCAGGGAAACCAAAAGATTGGACACCCCGCTCTAAGTGTTCCCCAAGTTTCCACTGTTTTCAGAGCACATGTCCCAGGTAATAACACACAGCCCATCATTTAGTGACTGCTCAGGGTGCAAGCTGTGGAGAAGAGAGTCCGACTACGAGCTGGTGCTCTAAGCCTCCAGCACGCTAGGACTGACGACGGGGATCCGGAAACAACAAGCTCCACTCCCGCAACACACACACACACACACACACACACACACACACACACACACACACGCACACGCACACGCGCACGCGCGCACACACGCGCACACACGCGCGCACGCGCGCGCGCGCCGCCCAAGGGTAGCCGTCTGCAGGGCCCCAGCTAAGCAGCCCGCGGAGAGCGAGCGGCGCGTGCGCCCCCGCTGATTGGCTGGCACAACCGGCACCGGAGCCAATGGGAGC,TTATTTATTAACTTATCAGCTATCCTTAGTGTTAGTGTATTTTATGTGTGGCCCAAAACAATTCTTCCAACGTGGCCCAGGGAAACCAAAAGATTGGACACCCCGCTCTAAGTGTTCCCCAAGTTTCCACTGTTTTCAGAGCACATGTCCCAGGTAATAACACACAGCCCATCATTTAGTGACTGCTCAGGGTGCAAGCTGTGGAGAAGAGAGTCCGACTACGAGCTGGTGCTCTAAGCCTCCAGCACGCTAGGACCGACGACGGGGATCCGGAAACAACAAGCTCCACTCCCGCAACACACACACACACACACACACACACACACACACACACACACACACGCACACGCACACGCGCACGCGCGCACACACGCGCACACACGCGCGCACGCGCGCGCGCGCCGCCCAAGGGTAGCCGTCTGCAGGGCCCCAGCTAAGCAGCCCGCGGAGAGCGAGCGGCGCGTGCGCCCCCGCTGATTGGCTGGCACAACCGGCACCGGAGCCAATGGGAGC,1,chr22:24011036:lower_leg_skin:0,682d1f373d894e14,snv,256,256,257,256,256,257,chr22,24011036,T,T,C,lower_leg_skin,ENC-002,TF-ChIP-seq_CTCF,0.983606557377,61.0,dev,0.49109456,0,FN,FN,71
GGGAATGTTTTTTTGTTAGTGATGATGTCATGCCTTGTGCAAAATCTGTATTAGCATCTCACAACATAAGATTTGGCTCTATTCTAACGGCATTTTCCACCACTCGATGTCCACCGTAATACTTGGCTCTCGAAGAATCACTGGGCTGGCTCCCTCACTTCATGCAGGTCTATTCTATTATCACTTACTCAGAGATTTCTCTGGCCTTTTCTTCACAGCACTTACAAAATGCGATCTATTACATATTAATTTGCTTATTTGCTTCTTGTTTTCCTATACTCCCATCCCTCCCAGAAGCTCCAAGAGAGCATACTGTTTTATCCCTAGGGCCTAGAATAATGCGTCCACGTAGTAGGTACTCAAAATTTTTTGCTTGACAGGCTAGAAAAGGTGAATAAACACAAAGCGGGAGCGAAAAGTCTACTTCTAGGTCAGGCACTCTTTGGACTTCACGCAACGTGTGAGCGCCACCTCTCGGGAAGCCAATTTGCTCGCGAACGAAGGAAGTGAGTC,GGGAATGTTTTTTTGTTAGTGATGATGTCATGCCTTGTGCAAAATCTGTATTAGCATCTCACAACATAAGATTTGGCTCTATTCTAACGGCATTTTCCACCACTCGATGTCCACCGTAATACTTGGCTCTCGAAGAATCACTGGGCTGGCTCCCTCACTTCATGCAGGTCTATTCTATTATCACTTACTCAGAGATTTCTCTGGCCTTTTCTTCACAGCACTTACAAAATGCGATCTATTACATATTAATTTGCTTTTTTGCTTCTTGTTTTCCTATACTCCCATCCCTCCCAGAAGCTCCAAGAGAGCATACTGTTTTATCCCTAGGGCCTAGAATAATGCGTCCACGTAGTAGGTACTCAAAATTTTTTGCTTGACAGGCTAGAAAAGGTGAATAAACACAAAGCGGGAGCGAAAAGTCTACTTCTAGGTCAGGCACTCTTTGGACTTCACGCAACGTGTGAGCGCCACCTCTCGGGAAGCCAATTTGCTCGCGAACGAAGGAAGTGAGTC,1,chr17:51153129:spleen:1,4f42ec56f4ab3693,snv,256,256,257,256,256,257,chr17,51153129,A,A,T,spleen,ENC-002,TF-ChIP-seq_CTCF,0.785714285714,28.0,dev,0.49124506,0,FN,FN,72
AGGTTGGGAATGAATCCATCTCCCTGAACTAGAGAAGAGACGTGCAAGGTCACTGGGCCGAGCCTGTGGGTTTGGGTTTCTCAGCTGGCCTGTTACGATGAAGCTTGTTCTTGTCTATTGCTGCACACCAAATTACCATAAATTTAGCAGCTTTAAACAACACCCGTTTATTATCTCACAGTTTTGTAGGTCAGGAGTCCAAGCAGGCTTGGCTGGGTTCTGCTCCGGTCATTACAAGGCTGAAATCCAGGTGTCCGCCAGAAATTCTGTTAGCCAGGGCTTCTATCATCAGTTCTTCTCTGCAGGGCGCTGCTAGGGAGGTCCTGACCACCAGAGGGCACTAGAACCACAATCCCGGTCCCAGGGAACTTTGCTTGTGCTCCCGCCCCTTTCTGTCAAAATGCTGTCCGGCCACCAGCGGCAGCAGCGTCTGGGAACTTGTTTGAAAAGCAGAACCTCAGGACTTAAAACCAGACCTGCTGAATCAAAATCTGCATTTTGTCAACTCCCCCA,AGGTTGGGAATGAATCCATCTCCCTGAACTAGAGAAGAGACGTGCAAGGTCACTGGGCCGAGCCTGTGGGTTTGGGTTTCTCAGCTGGCCTGTTACGATGAAGCTTGTTCTTGTCTATTGCTGCACACCAAATTACCATAAATTTAGCAGCTTTAAACAACACCCGTTTATTATCTCACAGTTTTGTAGGTCAGGAGTCCAAGCAGGCTTGGCTGGGTTCTGCTCCGGTCATTACAAGGCTGAAATCCAGGTGTCCTCCAGAAATTCTGTTAGCCAGGGCTTCTATCATCAGTTCTTCTCTGCAGGGCGCTGCTAGGGAGGTCCTGACCACCAGAGGGCACTAGAACCACAATCCCGGTCCCAGGGAACTTTGCTTGTGCTCCCGCCCCTTTCTGTCAAAATGCTGTCCGGCCACCAGCGGCAGCAGCGTCTGGGAACTTGTTTGAAAAGCAGAACCTCAGGACTTAAAACCAGACCTGCTGAATCAAAATCTGCATTTTGTCAACTCCCCCA,1,chr19:34973260:body_of_pancreas:0,49f9adcb7b50279a,snv,256,256,257,256,256,257,chr19,34973260,G,G,T,body_of_pancreas,ENC-002,TF-ChIP-seq_CTCF,0.589090909091,275.0,dev,0.49163234,0,FN,FN,73
GCGTTGTGACTCTGCCCATGTGTGTGCTTCAGTGTGCTGAGTGGCTGCACGCCCCAGATCTGTGCTGCACGTGCCAGCCAGTGAGGGTGCTGGGCACCGGGAGGTGGCGGGGAAGGAGGCGTATGTGTGTTGTGGACATGTGTGTTAGCGTGTGCATGCCGGCTGTGGGGCCTCACAGCATGTGTGTGCACACCCCGGCATGCGCATGTGTGTGTGTTCCACAACCCCAGGCCTGCCCCACCCATGCGTGTGACCTGCCATGTTGATCTGATGCTTTCAGAATCACTATCAGTGGCCCCTGAGGAGCATCAGCCATGGTAGGTACATGCCTCACCGCCTGCTGCATGAACGGTGTTCCCGCCCCGCTGCACCAGCTCCACACGGGGGCGCACCTGGGACCTCAGATCCAGGCTCCCTGCCCCTCCTTTCTGGAGCTGCAGATTTGCTCTTTCCTCTTTCTGTCCTGGTGCTGCTGGCTCTTTCACCTCCCTTCCCTGCAAGCCATGGGACTCA,GCGTTGTGACTCTGCCCATGTGTGTGCTTCAGTGTGCTGAGTGGCTGCACGCCCCAGATCTGTGCTGCACGTGCCAGCCAGTGAGGGTGCTGGGCACCGGGAGGTGGCGGGGAAGGAGGCGTATGTGTGTTGTGGACATGTGTGTTAGCGTGTGCATGCCGGCTGTGGGGCCTCACAGCATGTGTGTGCACACCCCGGCATGCGCATGTGTGTGTGTTCCACAACCCCAGGCCTGCCCCACCCATGCGTGTGACCTACCATGTTGATCTGATGCTTTCAGAATCACTATCAGTGGCCCCTGAGGAGCATCAGCCATGGTAGGTACATGCCTCACCGCCTGCTGCATGAACGGTGTTCCCGCCCCGCTGCACCAGCTCCACACGGGGGCGCACCTGGGACCTCAGATCCAGGCTCCCTGCCCCTCCTTTCTGGAGCTGCAGATTTGCTCTTTCCTCTTTCTGTCCTGGTGCTGCTGGCTCTTTCACCTCCCTTCCCTGCAAGCCATGGGACTCA,1,chr15:77908238:spleen:0,ef8befd9be0e58f6,snv,256,256,257,256,256,257,chr15,77908238,G,G,A,spleen,ENC-002,TF-ChIP-seq_CTCF,0.8518518518520001,27.0,dev,0.49280262,0,FN,FN,74
AAGCCGAGGTTTGGCTGAGAAAGACCTGGGTTTGGCACTCAGTCATTCACTCTCAGTGAGACCCCGAGTAAGCCACTTCACATCTCTGAGCCTCGGTGTCCCAACTATGAGGCTGGCCTCTGCATTTTGTAGCAGCAGCAGCATTTACTATGTCTCACTGCACCTGCTGCAAGCTGCTTGGAGCAAGTCTCCGTCCTTCCCACTCCATCGCTTAGCTGCTGGTTCATGCACCACCCAGCCCTGCCCCATGTTGGCAACAATTTGCAAGGTAGACTAGTTAGTTACTCATGCACATAGTGCTTTTGATCTTCCCACTCCCTGTTGACAAATACGTTCAGCAGTAACATGGTAGATATTAGTATGAACTATCACTATCAGGAAAAAAAGTGTTAAAATGCATATCTATTGGCTCAGTAGAAAATACTCCTTAAGGCTTTAGCTGTTGAAAAAATATACTGTTTGACACTTTCTCAAGTCCAAATGCAGTAGCTCATCGTAACCAAAATCTTGGTA,AAGCCGAGGTTTGGCTGAGAAAGACCTGGGTTTGGCACTCAGTCATTCACTCTCAGTGAGACCCCGAGTAAGCCACTTCACATCTCTGAGCCTCGGTGTCCCAACTATGAGGCTGGCCTCTGCATTTTGTAGCAGCAGCAGCATTTACTATGTCTCACTGCACCTGCTGCAAGCTGCTTGGAGCAAGTCTCCGTCCTTCCCACTCCATCGCTTAGCTGCTGGTTCATGCACCACCCAGCCCTGCCCCATGTTGGCAGCAATTTGCAAGGTAGACTAGTTAGTTACTCATGCACATAGTGCTTTTGATCTTCCCACTCCCTGTTGACAAATACGTTCAGCAGTAACATGGTAGATATTAGTATGAACTATCACTATCAGGAAAAAAAGTGTTAAAATGCATATCTATTGGCTCAGTAGAAAATACTCCTTAAGGCTTTAGCTGTTGAAAAAATATACTGTTTGACACTTTCTCAAGTCCAAATGCAGTAGCTCATCGTAACCAAAATCTTGGTA,1,chr7:129098895:esophagus_squamous_epithelium:0,5517e287e83ea6fa,snv,256,256,257,256,256,257,chr7,129098895,A,A,G,esophagus_squamous_epithelium,ENC-002,TF-ChIP-seq_CTCF,0.0740740740741,27.0,dev,0.4935934,0,FN,FN,77
CCCATGGACCCTGCACTCTGGCCTCAGCAGGCTGCTTTTTCCCCAGTAAGCATATACCTGGACGCTGCTGTGTCTCTGCTCCAGCTGGTCCCTCATCCTGGAATTTGACCCACAGCGCCACCTGCCAGCCACCCACACATCCTTTCAGGCCACTTCAGGTGACTCCTTCTGTAACATCACAGACAGAGCCAGGCCTCCCTATGACTACACTCCCACAGCACTCTCTCCACGCTGTAACAGAATCTGTGGCCACGCTGACCTGACTCCCACCTTCCTCCTTAGGAAAAAAGACTCTATGACCTCTGTGCCCACCACAGTGCTTGGCACATGTATGAGGTTCAAGTGGCTGGATGGAAGACTGCTTGCACTATTACCGAAATCAGGGAGAAAGATGGCCAACGCAGCAGCAAGAGAGTGAAGTGTGACATTTTCCAGAGATGACCGCACATATCCCATTCCATATGCTCTTCTTACAAGTGATAAAGACACTCCTGCCTCCAGAGCTGAGGGTCT,CCCATGGACCCTGCACTCTGGCCTCAGCAGGCTGCTTTTTCCCCAGTAAGCATATACCTGGACGCTGCTGTGTCTCTGCTCCAGCTGGTCCCTCATCCTGGAATTTGACCCACAGCGCCACCTGCCAGCCACCCACACATCCTTTCAGGCCACTTCAGGTGACTCCTTCTGTAACATCACAGACAGAGCCAGGCCTCCCTATGACTACACTCCCACAGCACTCTCTCCACGCTGTAACAGAATCTGTGGCCACGCTTACCTGACTCCCACCTTCCTCCTTAGGAAAAAAGACTCTATGACCTCTGTGCCCACCACAGTGCTTGGCACATGTATGAGGTTCAAGTGGCTGGATGGAAGACTGCTTGCACTATTACCGAAATCAGGGAGAAAGATGGCCAACGCAGCAGCAAGAGAGTGAAGTGTGACATTTTCCAGAGATGACCGCACATATCCCATTCCATATGCTCTTCTTACAAGTGATAAAGACACTCCTGCCTCCAGAGCTGAGGGTCT,1,chr5:180799515:thyroid_gland:0,7b91d35c2dad5862,snv,256,256,257,256,256,257,chr5,180799515,G,G,T,thyroid_gland,ENC-002,TF-ChIP-seq_CTCF,0.8181818181820001,22.0,dev,0.49400905,0,FN,FN,78
ATGGGGAAGAAGATCGCATTCCTCTCTGGCCAGAACAAGGACCTGGTGCATCCACCCTCACACCGCCTCTTCCTCACCCAACCCGTGGGACCTCAGTGTATCCCAACACAATCTCACCCTGCTATCTCTCCTCAACCTCCATCAGGGCAGGTGCTTCCGTGCATTATTGGGCTGCCCCAGGGCAAGCTGGCGCTTACTCTTTTACGCCACCTACTGGAAGGTAGACTGAACTGCACCACCGAATAAGAAACCTTTCAAGCATAGGCTGGCGCACAAGATCAGCTTCCTGAGACTTTCGCACTCTCAGCCCTGTAGAAAACAGTGTGTCAGATCATATATCTAATCTTTTGCTACAACAAGCGGCATTTAAGAAAGCCACGGCACAAAAGCTATCCATAACTAAGGAACCCATACAGAACCCTGGCCTTCTGAAAATACCCAGAAACAAAGCCAAACAATCGTACACAACATACACTACAATCATATGCTCAAGGAAAAAACAAATAAACGAAA,ATGGGGAAGAAGATCGCATTCCTCTCTGGCCAGAACAAGGACCTGGTGCATCCACCCTCACACCGCCTCTTCCTCACCCAACCCGTGGGACCTCAGTGTATCCCAACACAATCTCACCCTGCTATCTCTCCTCAACCTCCATCAGGGCAGGTGCTTCCGTGCATTATTGGGCTGCCCCAGGGCAAGCTGGCGCTTACTCTTTTACGCCACCTACTGGAAGGTAGACTGAACTGCACCACCGAATAAGAAACCTTTCGAGCATAGGCTGGCGCACAAGATCAGCTTCCTGAGACTTTCGCACTCTCAGCCCTGTAGAAAACAGTGTGTCAGATCATATATCTAATCTTTTGCTACAACAAGCGGCATTTAAGAAAGCCACGGCACAAAAGCTATCCATAACTAAGGAACCCATACAGAACCCTGGCCTTCTGAAAATACCCAGAAACAAAGCCAAACAATCGTACACAACATACACTACAATCATATGCTCAAGGAAAAAACAAATAAACGAAA,1,chr4:114808040:esophagus_muscularis_mucosa:0,52cb0533e9d23a7b,snv,256,256,257,256,256,257,chr4,114808040,A,A,G,esophagus_muscularis_mucosa,ENC-002,TF-ChIP-seq_CTCF,0.675,80.0,dev,0.49415952,0,FN,FN,79
TTCCTGTCATTATCAATTCATTTCCTTGAACCTAAAAATAATCTCTCAACAAAATGAGTCTTCCTTACTTCTGCGGTAAAGTCCTTTCTTTTTTTCTTGTCCTTTGTTCCAAGGAGAAAGGATTCACTCGGGTCCCTGTGAGAAGAGCTTCTTTAGCACTCTAAAATTAGAAAAGTATACCCAGGAGAGAGCAGGTTCCTTCCAGTTCCCTAGGAGAGTAGAGCACCAAATATTTCTCCTAGGTCTTGCTTTGTGGCTGTATGTGTGTCCTTGCTGGTACTGATGATGCCTTCCATATAAGGACTCAGACTCCACTAGCTGCCAGATTTCTGCTTGAAACACTGCCCGCTAGCGTTGAAGCTTTCAAACGATTTTAATCCATGGTGATGAAGCAAGAACAGTGTTTTCTGTACACTGCATCTACCCTATACTCTCTGTTTCTACCCCTCACATCTCCAAATTAGGGGGCTTCACTGGCTTTGTGCCTTGGTTTTTTCCACTCACCTGTGTGAT,TTCCTGTCATTATCAATTCATTTCCTTGAACCTAAAAATAATCTCTCAACAAAATGAGTCTTCCTTACTTCTGCGGTAAAGTCCTTTCTTTTTTTCTTGTCCTTTGTTCCAAGGAGAAAGGATTCACTCGGGTCCCTGTGAGAAGAGCTTCTTTAGCACTCTAAAATTAGAAAAGTATACCCAGGAGAGAGCAGGTTCCTTCCAGTTCCCTAGGAGAGTAGAGCACCAAATATTTCTCCTAGGTCTTGCTTTGTGGTTGTATGTGTGTCCTTGCTGGTACTGATGATGCCTTCCATATAAGGACTCAGACTCCACTAGCTGCCAGATTTCTGCTTGAAACACTGCCCGCTAGCGTTGAAGCTTTCAAACGATTTTAATCCATGGTGATGAAGCAAGAACAGTGTTTTCTGTACACTGCATCTACCCTATACTCTCTGTTTCTACCCCTCACATCTCCAAATTAGGGGGCTTCACTGGCTTTGTGCCTTGGTTTTTTCCACTCACCTGTGTGAT,1,chr9:104091840:Peyers_patch:0,03de76b5dce23e09,snv,256,256,257,256,256,257,chr9,104091840,C,T,C,Peyers_patch,ENC-002,TF-ChIP-seq_CTCF,0.130434782609,23.0,dev,0.49550575,0,FN,FN,81
TCTCTCTCTCTCTCTTTCTCCTTCCTTCCTTCCTTCCTTCTTTCTTTTTCTTTTAAACAGTGACATGGTCACGGCTCACTGCAGCCTGGACCTCCTGGGCTCAAGTGATCCACCTCAGCACCCCAAGTAGCTGGGGCTATAGGCACCCACCACCACGCATGCCTAATTTTTTGTAGAGATGGGGTCTTGCTATGTTGTCTAGGCTGTTCCTGGGTTTTCCTACAGCCTGCGTTTACCCCTCCCACCCTGCACTTCCACATCAGCTGTTTATGTATCTGTCCCCTGCCCCTTTGTAGGTTCCTGGGAGGCGGGAGGCGGCCAGCCTGGTTCATCAGCATCCAGTCCTCTAGTGCTGCCACCTAGTGGACGCTTAATAATGTGAGTAAAATCGAAATAGTACAATAATGAACCTAACCGTGGCTAACGTTGACTGGGTGCTTCCTAAGGTCCAGGGGCTTTCATGTATTCATTCATCAACCCCTGAGACAAGGCAATAGATGCAGCTTCGGCTGC,TCTCTCTCTCTCTCTTTCTCCTTCCTTCCTTCCTTCCTTCTTTCTTTTTCTTTTAAACAGTGACATGGTCACGGCTCACTGCAGCCTGGACCTCCTGGGCTCAAGTGATCCACCTCAGCACCCCAAGTAGCTGGGGCTATAGGCACCCACCACCACGCATGCCTAATTTTTTGTAGAGATGGGGTCTTGCTATGTTGTCTAGGCTGTTCCTGGGTTTTCCTACAGCCTGCGTTTACCCCTCCCACCCTGCACTTCCGCATCAGCTGTTTATGTATCTGTCCCCTGCCCCTTTGTAGGTTCCTGGGAGGCGGGAGGCGGCCAGCCTGGTTCATCAGCATCCAGTCCTCTAGTGCTGCCACCTAGTGGACGCTTAATAATGTGAGTAAAATCGAAATAGTACAATAATGAACCTAACCGTGGCTAACGTTGACTGGGTGCTTCCTAAGGTCCAGGGGCTTTCATGTATTCATTCATCAACCCCTGAGACAAGGCAATAGATGCAGCTTCGGCTGC,1,chr15:66567113:esophagus_muscularis_mucosa:0,3dca51d4f9006be4,snv,256,256,257,256,256,257,chr15,66567113,A,A,G,esophagus_muscularis_mucosa,ENC-002,TF-ChIP-seq_CTCF,0.7317073170730001,41.0,dev,0.49576566,0,FN,FN,82
ACTGTTTAATATTGATTTTATATTGAAATACAATTTTGGATATATTGGAATAAATAATTAACTTCACTTTTTTTTTTTTTTTTTTTAACTTTGTGGCTATTAGAAACTTTAAAATTTTAAGTGTGGTTCGTGTTCTATTTCTGTTGGACAGCACTAGGCAAGATTTCATTATAATTCTCTTGTCTGCTATGGGGTTCCTTTCTCCCACTAGAGGGAGATATGTTCCAGCCTCAGGAAATCTGAGGCTAGCGTGTAAATGCCACTGCTTTTGAATGAACTCTTAAAGAAGCACCAAAAAAAAGAGCTTAAGTTTTTGCTTTGTTTTAATCCCGTGTAACTCTGATGTTTCTAAAGGTTGCAGTTTCTGTGAAAGTGAAGCCAAAACAGAAGCGGGAAGAGGCAGAAAGTTTTTCTACCCTCTTTGCCTTAATGAATTCAGAGGTTTCTGTTACTTCTTTGTTGGATCACAGTAACTTGTCATTTGTTTGCCAATTGTTCCTTTGGACTTGAGTC,ACTGTTTAATATTGATTTTATATTGAAATACAATTTTGGATATATTGGAATAAATAATTAACTTCACTTTTTTTTTTTTTTTTTTTAACTTTGTGGCTATTAGAAACTTTAAAATTTTAAGTGTGGTTCGTGTTCTATTTCTGTTGGACAGCACTAGGCAAGATTTCATTATAATTCTCTTGTCTGCTATGGGGTTCCTTTCTCCCACTAGAGGGAGATATGTTCCAGCCTCAGGAAATCTGAGGCTAGCGTGTAAGTGCCACTGCTTTTGAATGAACTCTTAAAGAAGCACCAAAAAAAAGAGCTTAAGTTTTTGCTTTGTTTTAATCCCGTGTAACTCTGATGTTTCTAAAGGTTGCAGTTTCTGTGAAAGTGAAGCCAAAACAGAAGCGGGAAGAGGCAGAAAGTTTTTCTACCCTCTTTGCCTTAATGAATTCAGAGGTTTCTGTTACTTCTTTGTTGGATCACAGTAACTTGTCATTTGTTTGCCAATTGTTCCTTTGGACTTGAGTC,1,chr1:210361035:spleen:0,4997f2dcb93bb0d4,snv,256,256,257,256,256,257,chr1,210361035,A,G,A,spleen,ENC-002,TF-ChIP-seq_CTCF,0.290909090909,55.0,dev,0.49714702,0,FN,FN,84
CTGTACACCCTCGGCGAGGCCAGGAGGCTCATCCGGCGCCGCGCACCCCCGCCCGCAGCCCCCGCCCCACGCGGCATAGGTGCGGGGGCGGGGCGCCACGGAGGCTCAGGTGTGGGCGGCGGGGCCGGGGCAGCACGGGTTCCCGGACCGCTGCCTCCCGGCGTTGGCAACTCCTCCACGTGCTATCCAGGAAGTAAACAACATCATGAGGAGCGACTTCTTTTTCTTTTTCTTTTTTTTGAGATGGAGTCTCCCTCTGTCGCCCAGGCTGGAGTGCAGTGGCGCGATCTCGGCTCACTGCAACCTCCGCCTCCCGGATTCAAGCTATTCTCCTGCCTCAGCCTCCCGAGTAGCTAGGACTACAGGCGCACGCCGCCACGCCCGGCTAATTTTGTGTATTTTTAGTAGACACGGGGTTTCACCATGTTGGTCAGGCTGGTCTCGAACTCCTGACCTGAGGTGATCCACCCGCCTCGGCCTCTCAAAGTGCTGGGATTACAGGCGAGAGCCACC,CTGTACACCCTCGGCGAGGCCAGGAGGCTCATCCGGCGCCGCGCACCCCCGCCCGCAGCCCCCGCCCCACGCGGCATAGGTGCGGGGGCGGGGCGCCACGGAGGCTCAGGTGTGGGCGGCGGGGCCGGGGCAGCACGGGTTCCCGGACCGCTGCCTCCCGGCGTTGGCAACTCCTCCACGTGCTATCCAGGAAGTAAACAACATCATGAGGAGCGACTTCTTTTTCTTTTTCTTTTTTTTGAGATGGAGTCTCCCTGTGTCGCCCAGGCTGGAGTGCAGTGGCGCGATCTCGGCTCACTGCAACCTCCGCCTCCCGGATTCAAGCTATTCTCCTGCCTCAGCCTCCCGAGTAGCTAGGACTACAGGCGCACGCCGCCACGCCCGGCTAATTTTGTGTATTTTTAGTAGACACGGGGTTTCACCATGTTGGTCAGGCTGGTCTCGAACTCCTGACCTGAGGTGATCCACCCGCCTCGGCCTCTCAAAGTGCTGGGATTACAGGCGAGAGCCACC,1,chr6:42049069:prostate_gland:0,ad8b7b6c0fbe5484,snv,256,256,257,256,256,257,chr6,42049069,C,C,G,prostate_gland,ENC-002,TF-ChIP-seq_CTCF,0.8,30.0,dev,0.4973618,0,FN,FN,86
GTTCAAGACTTAATTTAAAGGATTTAAAAACTCATTCTAGAGCTAAATAATTTACAGTGTTATTATACTAGTTACCAATTTATGACTTTTAGCTCCAAATGCACCGTTCTTTGCTCTGCTTTGTGATAGTAGAGCTGGACCCTGGAAACATTTCAATGCCAGGTGGCGGAATGTTAGCCTTTGTCGGTAGAGGGCACTGGAGGGATACTGCAAGGCATAGCAGGAGGAGGAAGAGGGTGTTTCTTTAGGTTCTAGGATGCTTTTCTTCCTCTGATCGTGTGGCTCTCAGCAGCTTGCAGAAGACTCAGTAGTGCCCACCTTCCAGCTTGTTCTGCCAGCCTCCCACTGGGTACCTTCCAGCTTGCCAGCATTGGACTGTAGCACCATGGCCAGTCACTACTCCCTACTTTTACTATTTCTGTCTTCCTTAGAGTGTTCTTTAAATTCTGTTAGCACAAAACTACCTTTCACTAGTTAATAATTCTTTTTAAAAAACTTTTAATTTCAGGGGTA,GTTCAAGACTTAATTTAAAGGATTTAAAAACTCATTCTAGAGCTAAATAATTTACAGTGTTATTATACTAGTTACCAATTTATGACTTTTAGCTCCAAATGCACCGTTCTTTGCTCTGCTTTGTGATAGTAGAGCTGGACCCTGGAAACATTTCAATGCCAGGTGGCGGAATGTTAGCCTTTGTCGGTAGAGGGCACTGGAGGGATACTGCAAGGCATAGCAGGAGGAGGAAGAGGGTGTTTCTTTAGGTTCTAGGTTGCTTTTCTTCCTCTGATCGTGTGGCTCTCAGCAGCTTGCAGAAGACTCAGTAGTGCCCACCTTCCAGCTTGTTCTGCCAGCCTCCCACTGGGTACCTTCCAGCTTGCCAGCATTGGACTGTAGCACCATGGCCAGTCACTACTCCCTACTTTTACTATTTCTGTCTTCCTTAGAGTGTTCTTTAAATTCTGTTAGCACAAAACTACCTTTCACTAGTTAATAATTCTTTTTAAAAAACTTTTAATTTCAGGGGTA,1,chr17:51585772:body_of_pancreas:0,a097ba6617232a9b,snv,256,256,257,256,256,257,chr17,51585772,A,T,A,body_of_pancreas,ENC-002,TF-ChIP-seq_CTCF,0.2083333333329999,24.0,dev,0.4978383,0,FN,FN,87
TTCATTATTTCTCCTCTAGAAGAAAAAAAATCATTTGTCTCTCTGTCCAGGGATTTAAAAAAATTAAAAATAACAAAGATCACAAACCTTAGGAAGATTTAAAGGAATCTTATAGTTAACATGCAGCCTTAGCTGCATGTTTCTTGTGTCTTAATAACTGAACACATTTAGACTTCTTGCATTTCCGAGTACTCTAAGGAAATCATTGAAAAGCATATTCTTCTTCATCTAGGTTTGTCCTACGTCGGGACCCTCCTGGGCTAGCGCGCTTTAAGGTGATGGCCAGAAGGTGGCGCTCTGCATCAGTTCATGGGGGCGGCCTGACTCCGGGGAAGGCAAACACACAAACCAAGGTGCCTGCTTTAAATCCGCAAAGTAAAGGTCCTCTTAACCACTTGTCATAAAACACCCTGAGACACCCGTCTTGGAAAATCGAAGTGTCAAGCTCAGCATCTTTGCCACATTTCAAACTAGGTAATTACCTTCTCTCCCAAAGGGAATCTGCTTTATGTA,TTCATTATTTCTCCTCTAGAAGAAAAAAAATCATTTGTCTCTCTGTCCAGGGATTTAAAAAAATTAAAAATAACAAAGATCACAAACCTTAGGAAGATTTAAAGGAATCTTATAGTTAACATGCAGCCTTAGCTGCATGTTTCTTGTGTCTTAATAACTGAACACATTTAGACTTCTTGCATTTCCGAGTACTCTAAGGAAATCATTGAAAAGCATATTCTTCTTCATCTAGGTTTGTCCTACGTCGGGACCCTCCGGGGCTAGCGCGCTTTAAGGTGATGGCCAGAAGGTGGCGCTCTGCATCAGTTCATGGGGGCGGCCTGACTCCGGGGAAGGCAAACACACAAACCAAGGTGCCTGCTTTAAATCCGCAAAGTAAAGGTCCTCTTAACCACTTGTCATAAAACACCCTGAGACACCCGTCTTGGAAAATCGAAGTGTCAAGCTCAGCATCTTTGCCACATTTCAAACTAGGTAATTACCTTCTCTCCCAAAGGGAATCTGCTTTATGTA,1,chr11:33858000:gastrocnemius_medialis:0,8ab238ce4152b7ed,snv,256,256,257,256,256,257,chr11,33858000,T,G,T,gastrocnemius_medialis,ENC-002,TF-ChIP-seq_CTCF,0.337662337662,77.0,dev,0.49792954,0,FN,FN,88
GAAAGTCTAGGTCTTAAAATACCTTTGCCATTGTCCATATTTCCTCCAAGTGTCAAATTAGCATTTTGAGACAAGGACTAAACTTCTGAAATCAAAGTATATATTAGGGGTAAAATAAATACATGATTTAAAAAAATATTCTATGAAATATGGAATATTTTTGGAGGAAGTACTGAGAATATTGTAAAAATGTCATCAAGCTTGTGATGTATTAGGTTTTGTTTTTTTCAAATTAGGTGGGATTATAAATCTAATATGAAAGTGTGAAATACAAATCTAAAATGTGTACAAAAGTTGGTGGTGTTTCTTAAAACTTAATTTGCCTTAGGATGGCAGTATTGTTCTTCCTAAGATTTAGGAAAGTTTTAGAAAAGGCTTCATGAGGAAAGCATCGGCTTTCTAAACATTTTCTCACTCTCACATCGACACAAAAACCCATGCTTATCAAAGAATTGGGTGGATGTAATATACATACAGATTAAACTAAAACTCTATACAAACAGTGATAATGGG,GAAAGTCTAGGTCTTAAAATACCTTTGCCATTGTCCATATTTCCTCCAAGTGTCAAATTAGCATTTTGAGACAAGGACTAAACTTCTGAAATCAAAGTATATATTAGGGGTAAAATAAATACATGATTTAAAAAAATATTCTATGAAATATGGAATATTTTTGGAGGAAGTACTGAGAATATTGTAAAAATGTCATCAAGCTTGTGATGTATTAGGTTTTGTTTTTTTCAAATTAGGTGGGATTATAAATCTAATACGAAAGTGTGAAATACAAATCTAAAATGTGTACAAAAGTTGGTGGTGTTTCTTAAAACTTAATTTGCCTTAGGATGGCAGTATTGTTCTTCCTAAGATTTAGGAAAGTTTTAGAAAAGGCTTCATGAGGAAAGCATCGGCTTTCTAAACATTTTCTCACTCTCACATCGACACAAAAACCCATGCTTATCAAAGAATTGGGTGGATGTAATATACATACAGATTAAACTAAAACTCTATACAAACAGTGATAATGGG,1,chr13:62387762:body_of_pancreas:0,ab65430c768ad9f0,snv,256,256,257,256,256,257,chr13,62387762,T,C,T,body_of_pancreas,ENC-002,TF-ChIP-seq_CTCF,0.12,25.0,dev,0.49858558,0,FN,FN,89
GGTCACACAGCCGAATCATGACTGGTTGATGTGGTTGAACCCTGACTGGATGGAGCGGGTGAGCTCTGATTGGTTGGTTTCCAAGCCCCAAACCAGAAGTCTCTGTTAGACCTTTCAAAAGGCCAGTTGGGAGGTGGGGGAATTCTTGCTTCAGTTTATCTTGGCACCAACAACAGAAACTGGTTTGGCTTGATTGTAGAAAGGGAGGTCCTGTGATATTTTCATAACATCTTTCTGAGAACACATTGTACGTGACTTTCATAACATCTTTCTGAGAACACAGTGTATGCGACTGAACCTTCACCCAGCCATGACCACCTGGTTCTGCTCTAACTCACCCTAAATAGCCATGGGGTGTAGTTCATTTTATCTGTCAGCAGAGGCATACTTTTATGGTCCTAACCTCAAGTATCTCGGAATGTGTCTGTACTTGGAGATAGGGCTTTGAAAGAGAAAATGGGAGTTAAACGAGGTCACTGGGGTGGCCCTTAATCCAATATGCCTGGTGTCCTC,GGTCACACAGCCGAATCATGACTGGTTGATGTGGTTGAACCCTGACTGGATGGAGCGGGTGAGCTCTGATTGGTTGGTTTCCAAGCCCCAAACCAGAAGTCTCTGTTAGACCTTTCAAAAGGCCAGTTGGGAGGTGGGGGAATTCTTGCTTCAGTTTATCTTGGCACCAACAACAGAAACTGGTTTGGCTTGATTGTAGAAAGGGAGGTCCTGTGATATTTTCATAACATCTTTCTGAGAACACATTGTACGTGACCTTCATAACATCTTTCTGAGAACACAGTGTATGCGACTGAACCTTCACCCAGCCATGACCACCTGGTTCTGCTCTAACTCACCCTAAATAGCCATGGGGTGTAGTTCATTTTATCTGTCAGCAGAGGCATACTTTTATGGTCCTAACCTCAAGTATCTCGGAATGTGTCTGTACTTGGAGATAGGGCTTTGAAAGAGAAAATGGGAGTTAAACGAGGTCACTGGGGTGGCCCTTAATCCAATATGCCTGGTGTCCTC,1,chr7:71220447:body_of_pancreas:0,467859baed5e705c,snv,256,256,257,256,256,257,chr7,71220447,T,C,T,body_of_pancreas,ENC-002,TF-ChIP-seq_CTCF,0.745762711864,59.0,dev,0.49905673,0,FN,FN,90
GAGAGCTTTCAGGGTATGCCCCAGCTTTTCTTGTGTTTCAACAGCCCCTTGAAATATTAGAAAAGAGAAATAGAGACATAGATGAAGAGAGAGAGAAAATTGATGGAGAAATAACCAGTTAAAAATAAAGTCAAAACTGAGTGTGAAAGTGAGGCTACTAAAACCAGGATAATAGTCATCCATAGAAATAACCTGTGCTTTGGGAGGAATCCTCAGGGCAGGGGTGATCTCCAGGTAAGAACTGATCAAAGGAGATGTTTGTGTTTGGCTAGGTTTTTACTAAAGCCCTTACTCCCTCTAGTGGGAAGACGGAGCTGTGCAGCATCCGTAGCAAGGTGTGTGCTCTTCAGGGCTAAAAGTCCTTTGGAATCAAGATTGTTTCTTGTTTCTTTTTTTTTCTTTTTTCCTTTTTCTCTTTCTTTTCTTTTCTTTCTTTCTTTCTTTCTTTCTTTCTTTCTTTCTTTCTTTCTTTTTCGTTTTTCTCTTTCTTTCTTTTTCTGTTTCTTATCTCCT,GAGAGCTTTCAGGGTATGCCCCAGCTTTTCTTGTGTTTCAACAGCCCCTTGAAATATTAGAAAAGAGAAATAGAGACATAGATGAAGAGAGAGAGAAAATTGATGGAGAAATAACCAGTTAAAAATAAAGTCAAAACTGAGTGTGAAAGTGAGGCTACTAAAACCAGGATAATAGTCATCCATAGAAATAACCTGTGCTTTGGGAGGAATCCTCAGGGCAGGGGTGATCTCCAGGTAAGAACTGATCAAAGGAGATATTTGTGTTTGGCTAGGTTTTTACTAAAGCCCTTACTCCCTCTAGTGGGAAGACGGAGCTGTGCAGCATCCGTAGCAAGGTGTGTGCTCTTCAGGGCTAAAAGTCCTTTGGAATCAAGATTGTTTCTTGTTTCTTTTTTTTTCTTTTTTCCTTTTTCTCTTTCTTTTCTTTTCTTTCTTTCTTTCTTTCTTTCTTTCTTTCTTTCTTTCTTTCTTTTTCGTTTTTCTCTTTCTTTCTTTTTCTGTTTCTTATCTCCT,1,chr5:33934851:tibial_nerve:0,acf5f32c115b0208,snv,256,256,257,256,256,257,chr5,33934851,G,A,G,tibial_nerve,ENC-002,TF-ChIP-seq_CTCF,0.181818181818,22.0,dev,0.49951014,0,FN,FN,92
TGGGGTGGCAGGTGACAGGGAAGGAGGCCGGAAGCTGGACCAGGGCATCCGGGCCCAACAGGTCTTATGGGTCCTGGGCAATAATGGGAAATTGGTGAAGTGTGTGAGGCTGGGGGCGATGACTTGTGAATCTAGAGGCTCCAGCACGAGGGGAGAGCTGTCCAAAGATTTGCCAAACTCGGGCAGAACGGTGCAAGAGTGAGCATGTGAGTTCTGTCTTTTTTTTCTCATGAACCAAGGTTTCTAAGAAGGGCACAGAGCAGTGAGCAATAAAGCTAGGAGTGACTAAGGGTGATCCAAGTAGGAGCTGCCAGCGCCAGGTGCCAGGGCTACAGTTTCTAGCTTTGGAGCCAACTTTCCTGAGCACACATCTCCCTCTTGTGGCCGAGAGCGGTATTGCCACTGAAGAGATAGTGCTGGGGACCCCCTCCAGACTCTCATTCTGAAAACCCCAAGATATAGGCCAGGGGCCGAATCTACCTTGTGGACCCCATGAGATTTCCCACTTCGTTT,TGGGGTGGCAGGTGACAGGGAAGGAGGCCGGAAGCTGGACCAGGGCATCCGGGCCCAACAGGTCTTATGGGTCCTGGGCAATAATGGGAAATTGGTGAAGTGTGTGAGGCTGGGGGCGATGACTTGTGAATCTAGAGGCTCCAGCACGAGGGGAGAGCTGTCCAAAGATTTGCCAAACTCGGGCAGAACGGTGCAAGAGTGAGCATGTGAGTTCTGTCTTTTTTTTCTCATGAACCAAGGTTTCTAAGAAGGGCACTGAGCAGTGAGCAATAAAGCTAGGAGTGACTAAGGGTGATCCAAGTAGGAGCTGCCAGCGCCAGGTGCCAGGGCTACAGTTTCTAGCTTTGGAGCCAACTTTCCTGAGCACACATCTCCCTCTTGTGGCCGAGAGCGGTATTGCCACTGAAGAGATAGTGCTGGGGACCCCCTCCAGACTCTCATTCTGAAAACCCCAAGATATAGGCCAGGGGCCGAATCTACCTTGTGGACCCCATGAGATTTCCCACTTCGTTT,1,chr7:63015708:spleen:0,464874cafd6d83dd,snv,256,256,257,256,256,257,chr7,63015708,A,T,A,spleen,ENC-002,TF-ChIP-seq_CTCF,0.740740740741,54.0,dev,0.49982253,0,FN,FN,93
